-- =====================================================
-- FootMatch V5 — Seed Data
-- 100 players, 2 operators, 1 admin
-- 30 days of match history (~45 completed matches)
-- Real venues in Geneva & surroundings
-- Run AFTER schema.sql
-- =====================================================

-- Platform config defaults (upsert)
INSERT INTO platform_config (key, value) VALUES
  ('subscription_price', '{"amount": 11.99, "currency": "EUR"}'),
  ('revenue_share_rate', '{"rate": 0.80}'),
  ('min_payout_amount', '{"amount": 10.00, "currency": "EUR"}'),
  ('stripe_price_id', '{"id": ""}')
ON CONFLICT (key) DO UPDATE SET value = EXCLUDED.value;

-- =====================================================
-- AUTH USERS  (password: password123)
-- bcrypt: $2a$10$3zKnQkN4Mp8/vv0YnWYCoOCfRXi/J04mlbiubPj.R/NyGvVvA2yxq
-- =====================================================

INSERT INTO auth.users (instance_id, id, aud, role, email, encrypted_password, email_confirmed_at, raw_app_meta_data, raw_user_meta_data, created_at, updated_at, confirmation_token, email_change, email_change_token_new, recovery_token, is_sso_user) VALUES
  ('00000000-0000-0000-0000-000000000000','00000000-0000-0000-0000-000000000001','authenticated','authenticated','admin@footmatch.ch','$2a$10$3zKnQkN4Mp8/vv0YnWYCoOCfRXi/J04mlbiubPj.R/NyGvVvA2yxq',now(),'{"provider":"email","providers":["email"]}','{}',now()-interval '90 days',now(),'','','','',false),
  ('00000000-0000-0000-0000-000000000000','00000000-0000-0000-0000-000000000002','authenticated','authenticated','karim.benali@footmatch.ch','$2a$10$3zKnQkN4Mp8/vv0YnWYCoOCfRXi/J04mlbiubPj.R/NyGvVvA2yxq',now(),'{"provider":"email","providers":["email"]}','{}',now()-interval '60 days',now(),'','','','',false),
  ('00000000-0000-0000-0000-000000000000','00000000-0000-0000-0000-000000000003','authenticated','authenticated','sophie.martin@footmatch.ch','$2a$10$3zKnQkN4Mp8/vv0YnWYCoOCfRXi/J04mlbiubPj.R/NyGvVvA2yxq',now(),'{"provider":"email","providers":["email"]}','{}',now()-interval '45 days',now(),'','','','',false),
  ('00000000-0000-0000-0000-000000000000','00000000-0000-0000-0000-000000000101','authenticated','authenticated','lucas.muller@gmail.com','$2a$10$3zKnQkN4Mp8/vv0YnWYCoOCfRXi/J04mlbiubPj.R/NyGvVvA2yxq',now(),'{"provider":"email","providers":["email"]}','{}',now()-interval '45 days',now(),'','','','',false),
  ('00000000-0000-0000-0000-000000000000','00000000-0000-0000-0000-000000000102','authenticated','authenticated','thomas.favre@gmail.com','$2a$10$3zKnQkN4Mp8/vv0YnWYCoOCfRXi/J04mlbiubPj.R/NyGvVvA2yxq',now(),'{"provider":"email","providers":["email"]}','{}',now()-interval '28 days',now(),'','','','',false),
  ('00000000-0000-0000-0000-000000000000','00000000-0000-0000-0000-000000000103','authenticated','authenticated','yann.rochat@gmail.com','$2a$10$3zKnQkN4Mp8/vv0YnWYCoOCfRXi/J04mlbiubPj.R/NyGvVvA2yxq',now(),'{"provider":"email","providers":["email"]}','{}',now()-interval '25 days',now(),'','','','',false),
  ('00000000-0000-0000-0000-000000000000','00000000-0000-0000-0000-000000000104','authenticated','authenticated','nicolas.berger@gmail.com','$2a$10$3zKnQkN4Mp8/vv0YnWYCoOCfRXi/J04mlbiubPj.R/NyGvVvA2yxq',now(),'{"provider":"email","providers":["email"]}','{}',now()-interval '48 days',now(),'','','','',false),
  ('00000000-0000-0000-0000-000000000000','00000000-0000-0000-0000-000000000105','authenticated','authenticated','julien.morel@gmail.com','$2a$10$3zKnQkN4Mp8/vv0YnWYCoOCfRXi/J04mlbiubPj.R/NyGvVvA2yxq',now(),'{"provider":"email","providers":["email"]}','{}',now()-interval '33 days',now(),'','','','',false),
  ('00000000-0000-0000-0000-000000000000','00000000-0000-0000-0000-000000000106','authenticated','authenticated','alexandre.perret@gmail.com','$2a$10$3zKnQkN4Mp8/vv0YnWYCoOCfRXi/J04mlbiubPj.R/NyGvVvA2yxq',now(),'{"provider":"email","providers":["email"]}','{}',now()-interval '32 days',now(),'','','','',false),
  ('00000000-0000-0000-0000-000000000000','00000000-0000-0000-0000-000000000107','authenticated','authenticated','raphael.schmid@gmail.com','$2a$10$3zKnQkN4Mp8/vv0YnWYCoOCfRXi/J04mlbiubPj.R/NyGvVvA2yxq',now(),'{"provider":"email","providers":["email"]}','{}',now()-interval '32 days',now(),'','','','',false),
  ('00000000-0000-0000-0000-000000000000','00000000-0000-0000-0000-000000000108','authenticated','authenticated','maxime.girard@gmail.com','$2a$10$3zKnQkN4Mp8/vv0YnWYCoOCfRXi/J04mlbiubPj.R/NyGvVvA2yxq',now(),'{"provider":"email","providers":["email"]}','{}',now()-interval '29 days',now(),'','','','',false),
  ('00000000-0000-0000-0000-000000000000','00000000-0000-0000-0000-000000000109','authenticated','authenticated','pierre.bonnet@gmail.com','$2a$10$3zKnQkN4Mp8/vv0YnWYCoOCfRXi/J04mlbiubPj.R/NyGvVvA2yxq',now(),'{"provider":"email","providers":["email"]}','{}',now()-interval '48 days',now(),'','','','',false),
  ('00000000-0000-0000-0000-000000000000','00000000-0000-0000-0000-000000000110','authenticated','authenticated','cedric.blanc@gmail.com','$2a$10$3zKnQkN4Mp8/vv0YnWYCoOCfRXi/J04mlbiubPj.R/NyGvVvA2yxq',now(),'{"provider":"email","providers":["email"]}','{}',now()-interval '28 days',now(),'','','','',false),
  ('00000000-0000-0000-0000-000000000000','00000000-0000-0000-0000-000000000111','authenticated','authenticated','loic.ducret@gmail.com','$2a$10$3zKnQkN4Mp8/vv0YnWYCoOCfRXi/J04mlbiubPj.R/NyGvVvA2yxq',now(),'{"provider":"email","providers":["email"]}','{}',now()-interval '46 days',now(),'','','','',false),
  ('00000000-0000-0000-0000-000000000000','00000000-0000-0000-0000-000000000112','authenticated','authenticated','jonathan.bauer@gmail.com','$2a$10$3zKnQkN4Mp8/vv0YnWYCoOCfRXi/J04mlbiubPj.R/NyGvVvA2yxq',now(),'{"provider":"email","providers":["email"]}','{}',now()-interval '48 days',now(),'','','','',false),
  ('00000000-0000-0000-0000-000000000000','00000000-0000-0000-0000-000000000113','authenticated','authenticated','vincent.jacquier@gmail.com','$2a$10$3zKnQkN4Mp8/vv0YnWYCoOCfRXi/J04mlbiubPj.R/NyGvVvA2yxq',now(),'{"provider":"email","providers":["email"]}','{}',now()-interval '53 days',now(),'','','','',false),
  ('00000000-0000-0000-0000-000000000000','00000000-0000-0000-0000-000000000114','authenticated','authenticated','florian.dubois@gmail.com','$2a$10$3zKnQkN4Mp8/vv0YnWYCoOCfRXi/J04mlbiubPj.R/NyGvVvA2yxq',now(),'{"provider":"email","providers":["email"]}','{}',now()-interval '42 days',now(),'','','','',false),
  ('00000000-0000-0000-0000-000000000000','00000000-0000-0000-0000-000000000115','authenticated','authenticated','adrien.gaillard@gmail.com','$2a$10$3zKnQkN4Mp8/vv0YnWYCoOCfRXi/J04mlbiubPj.R/NyGvVvA2yxq',now(),'{"provider":"email","providers":["email"]}','{}',now()-interval '27 days',now(),'','','','',false),
  ('00000000-0000-0000-0000-000000000000','00000000-0000-0000-0000-000000000116','authenticated','authenticated','baptiste.renaud@gmail.com','$2a$10$3zKnQkN4Mp8/vv0YnWYCoOCfRXi/J04mlbiubPj.R/NyGvVvA2yxq',now(),'{"provider":"email","providers":["email"]}','{}',now()-interval '43 days',now(),'','','','',false),
  ('00000000-0000-0000-0000-000000000000','00000000-0000-0000-0000-000000000117','authenticated','authenticated','sylvain.chevalier@gmail.com','$2a$10$3zKnQkN4Mp8/vv0YnWYCoOCfRXi/J04mlbiubPj.R/NyGvVvA2yxq',now(),'{"provider":"email","providers":["email"]}','{}',now()-interval '38 days',now(),'','','','',false),
  ('00000000-0000-0000-0000-000000000000','00000000-0000-0000-0000-000000000118','authenticated','authenticated','hugo.mercier@gmail.com','$2a$10$3zKnQkN4Mp8/vv0YnWYCoOCfRXi/J04mlbiubPj.R/NyGvVvA2yxq',now(),'{"provider":"email","providers":["email"]}','{}',now()-interval '26 days',now(),'','','','',false),
  ('00000000-0000-0000-0000-000000000000','00000000-0000-0000-0000-000000000119','authenticated','authenticated','romain.vuilleumier@gmail.com','$2a$10$3zKnQkN4Mp8/vv0YnWYCoOCfRXi/J04mlbiubPj.R/NyGvVvA2yxq',now(),'{"provider":"email","providers":["email"]}','{}',now()-interval '25 days',now(),'','','','',false),
  ('00000000-0000-0000-0000-000000000000','00000000-0000-0000-0000-000000000120','authenticated','authenticated','nathan.pittet@gmail.com','$2a$10$3zKnQkN4Mp8/vv0YnWYCoOCfRXi/J04mlbiubPj.R/NyGvVvA2yxq',now(),'{"provider":"email","providers":["email"]}','{}',now()-interval '27 days',now(),'','','','',false),
  ('00000000-0000-0000-0000-000000000000','00000000-0000-0000-0000-000000000121','authenticated','authenticated','sebastien.rey@gmail.com','$2a$10$3zKnQkN4Mp8/vv0YnWYCoOCfRXi/J04mlbiubPj.R/NyGvVvA2yxq',now(),'{"provider":"email","providers":["email"]}','{}',now()-interval '31 days',now(),'','','','',false),
  ('00000000-0000-0000-0000-000000000000','00000000-0000-0000-0000-000000000122','authenticated','authenticated','arnaud.terrier@gmail.com','$2a$10$3zKnQkN4Mp8/vv0YnWYCoOCfRXi/J04mlbiubPj.R/NyGvVvA2yxq',now(),'{"provider":"email","providers":["email"]}','{}',now()-interval '32 days',now(),'','','','',false),
  ('00000000-0000-0000-0000-000000000000','00000000-0000-0000-0000-000000000123','authenticated','authenticated','ludovic.magnin@gmail.com','$2a$10$3zKnQkN4Mp8/vv0YnWYCoOCfRXi/J04mlbiubPj.R/NyGvVvA2yxq',now(),'{"provider":"email","providers":["email"]}','{}',now()-interval '41 days',now(),'','','','',false),
  ('00000000-0000-0000-0000-000000000000','00000000-0000-0000-0000-000000000124','authenticated','authenticated','thierry.moser@gmail.com','$2a$10$3zKnQkN4Mp8/vv0YnWYCoOCfRXi/J04mlbiubPj.R/NyGvVvA2yxq',now(),'{"provider":"email","providers":["email"]}','{}',now()-interval '44 days',now(),'','','','',false),
  ('00000000-0000-0000-0000-000000000000','00000000-0000-0000-0000-000000000125','authenticated','authenticated','philippe.wenger@gmail.com','$2a$10$3zKnQkN4Mp8/vv0YnWYCoOCfRXi/J04mlbiubPj.R/NyGvVvA2yxq',now(),'{"provider":"email","providers":["email"]}','{}',now()-interval '25 days',now(),'','','','',false),
  ('00000000-0000-0000-0000-000000000000','00000000-0000-0000-0000-000000000126','authenticated','authenticated','antoine.leroy@gmail.com','$2a$10$3zKnQkN4Mp8/vv0YnWYCoOCfRXi/J04mlbiubPj.R/NyGvVvA2yxq',now(),'{"provider":"email","providers":["email"]}','{}',now()-interval '42 days',now(),'','','','',false),
  ('00000000-0000-0000-0000-000000000000','00000000-0000-0000-0000-000000000127','authenticated','authenticated','fabien.roux@gmail.com','$2a$10$3zKnQkN4Mp8/vv0YnWYCoOCfRXi/J04mlbiubPj.R/NyGvVvA2yxq',now(),'{"provider":"email","providers":["email"]}','{}',now()-interval '31 days',now(),'','','','',false),
  ('00000000-0000-0000-0000-000000000000','00000000-0000-0000-0000-000000000128','authenticated','authenticated','damien.petit@gmail.com','$2a$10$3zKnQkN4Mp8/vv0YnWYCoOCfRXi/J04mlbiubPj.R/NyGvVvA2yxq',now(),'{"provider":"email","providers":["email"]}','{}',now()-interval '47 days',now(),'','','','',false),
  ('00000000-0000-0000-0000-000000000000','00000000-0000-0000-0000-000000000129','authenticated','authenticated','theo.laurent@gmail.com','$2a$10$3zKnQkN4Mp8/vv0YnWYCoOCfRXi/J04mlbiubPj.R/NyGvVvA2yxq',now(),'{"provider":"email","providers":["email"]}','{}',now()-interval '45 days',now(),'','','','',false),
  ('00000000-0000-0000-0000-000000000000','00000000-0000-0000-0000-000000000130','authenticated','authenticated','mathieu.dupuis@gmail.com','$2a$10$3zKnQkN4Mp8/vv0YnWYCoOCfRXi/J04mlbiubPj.R/NyGvVvA2yxq',now(),'{"provider":"email","providers":["email"]}','{}',now()-interval '47 days',now(),'','','','',false),
  ('00000000-0000-0000-0000-000000000000','00000000-0000-0000-0000-000000000131','authenticated','authenticated','clement.rousseau@gmail.com','$2a$10$3zKnQkN4Mp8/vv0YnWYCoOCfRXi/J04mlbiubPj.R/NyGvVvA2yxq',now(),'{"provider":"email","providers":["email"]}','{}',now()-interval '42 days',now(),'','','','',false),
  ('00000000-0000-0000-0000-000000000000','00000000-0000-0000-0000-000000000132','authenticated','authenticated','guillaume.moreau@gmail.com','$2a$10$3zKnQkN4Mp8/vv0YnWYCoOCfRXi/J04mlbiubPj.R/NyGvVvA2yxq',now(),'{"provider":"email","providers":["email"]}','{}',now()-interval '38 days',now(),'','','','',false),
  ('00000000-0000-0000-0000-000000000000','00000000-0000-0000-0000-000000000133','authenticated','authenticated','remi.lefebvre@gmail.com','$2a$10$3zKnQkN4Mp8/vv0YnWYCoOCfRXi/J04mlbiubPj.R/NyGvVvA2yxq',now(),'{"provider":"email","providers":["email"]}','{}',now()-interval '32 days',now(),'','','','',false),
  ('00000000-0000-0000-0000-000000000000','00000000-0000-0000-0000-000000000134','authenticated','authenticated','axel.simon@gmail.com','$2a$10$3zKnQkN4Mp8/vv0YnWYCoOCfRXi/J04mlbiubPj.R/NyGvVvA2yxq',now(),'{"provider":"email","providers":["email"]}','{}',now()-interval '39 days',now(),'','','','',false),
  ('00000000-0000-0000-0000-000000000000','00000000-0000-0000-0000-000000000135','authenticated','authenticated','dylan.garnier@gmail.com','$2a$10$3zKnQkN4Mp8/vv0YnWYCoOCfRXi/J04mlbiubPj.R/NyGvVvA2yxq',now(),'{"provider":"email","providers":["email"]}','{}',now()-interval '43 days',now(),'','','','',false),
  ('00000000-0000-0000-0000-000000000000','00000000-0000-0000-0000-000000000136','authenticated','authenticated','kevin.martin@gmail.com','$2a$10$3zKnQkN4Mp8/vv0YnWYCoOCfRXi/J04mlbiubPj.R/NyGvVvA2yxq',now(),'{"provider":"email","providers":["email"]}','{}',now()-interval '33 days',now(),'','','','',false),
  ('00000000-0000-0000-0000-000000000000','00000000-0000-0000-0000-000000000137','authenticated','authenticated','jeremy.bernard@gmail.com','$2a$10$3zKnQkN4Mp8/vv0YnWYCoOCfRXi/J04mlbiubPj.R/NyGvVvA2yxq',now(),'{"provider":"email","providers":["email"]}','{}',now()-interval '50 days',now(),'','','','',false),
  ('00000000-0000-0000-0000-000000000000','00000000-0000-0000-0000-000000000138','authenticated','authenticated','quentin.robert@gmail.com','$2a$10$3zKnQkN4Mp8/vv0YnWYCoOCfRXi/J04mlbiubPj.R/NyGvVvA2yxq',now(),'{"provider":"email","providers":["email"]}','{}',now()-interval '52 days',now(),'','','','',false),
  ('00000000-0000-0000-0000-000000000000','00000000-0000-0000-0000-000000000139','authenticated','authenticated','dorian.richard@gmail.com','$2a$10$3zKnQkN4Mp8/vv0YnWYCoOCfRXi/J04mlbiubPj.R/NyGvVvA2yxq',now(),'{"provider":"email","providers":["email"]}','{}',now()-interval '25 days',now(),'','','','',false),
  ('00000000-0000-0000-0000-000000000000','00000000-0000-0000-0000-000000000140','authenticated','authenticated','tanguy.duval@gmail.com','$2a$10$3zKnQkN4Mp8/vv0YnWYCoOCfRXi/J04mlbiubPj.R/NyGvVvA2yxq',now(),'{"provider":"email","providers":["email"]}','{}',now()-interval '49 days',now(),'','','','',false),
  ('00000000-0000-0000-0000-000000000000','00000000-0000-0000-0000-000000000141','authenticated','authenticated','corentin.lemaire@gmail.com','$2a$10$3zKnQkN4Mp8/vv0YnWYCoOCfRXi/J04mlbiubPj.R/NyGvVvA2yxq',now(),'{"provider":"email","providers":["email"]}','{}',now()-interval '50 days',now(),'','','','',false),
  ('00000000-0000-0000-0000-000000000000','00000000-0000-0000-0000-000000000142','authenticated','authenticated','bastien.fournier@gmail.com','$2a$10$3zKnQkN4Mp8/vv0YnWYCoOCfRXi/J04mlbiubPj.R/NyGvVvA2yxq',now(),'{"provider":"email","providers":["email"]}','{}',now()-interval '30 days',now(),'','','','',false),
  ('00000000-0000-0000-0000-000000000000','00000000-0000-0000-0000-000000000143','authenticated','authenticated','erwan.legoff@gmail.com','$2a$10$3zKnQkN4Mp8/vv0YnWYCoOCfRXi/J04mlbiubPj.R/NyGvVvA2yxq',now(),'{"provider":"email","providers":["email"]}','{}',now()-interval '47 days',now(),'','','','',false),
  ('00000000-0000-0000-0000-000000000000','00000000-0000-0000-0000-000000000144','authenticated','authenticated','gaetan.marchand@gmail.com','$2a$10$3zKnQkN4Mp8/vv0YnWYCoOCfRXi/J04mlbiubPj.R/NyGvVvA2yxq',now(),'{"provider":"email","providers":["email"]}','{}',now()-interval '38 days',now(),'','','','',false),
  ('00000000-0000-0000-0000-000000000000','00000000-0000-0000-0000-000000000145','authenticated','authenticated','killian.caron@gmail.com','$2a$10$3zKnQkN4Mp8/vv0YnWYCoOCfRXi/J04mlbiubPj.R/NyGvVvA2yxq',now(),'{"provider":"email","providers":["email"]}','{}',now()-interval '35 days',now(),'','','','',false),
  ('00000000-0000-0000-0000-000000000000','00000000-0000-0000-0000-000000000146','authenticated','authenticated','david.silva@gmail.com','$2a$10$3zKnQkN4Mp8/vv0YnWYCoOCfRXi/J04mlbiubPj.R/NyGvVvA2yxq',now(),'{"provider":"email","providers":["email"]}','{}',now()-interval '33 days',now(),'','','','',false),
  ('00000000-0000-0000-0000-000000000000','00000000-0000-0000-0000-000000000147','authenticated','authenticated','ricardo.ferreira@gmail.com','$2a$10$3zKnQkN4Mp8/vv0YnWYCoOCfRXi/J04mlbiubPj.R/NyGvVvA2yxq',now(),'{"provider":"email","providers":["email"]}','{}',now()-interval '29 days',now(),'','','','',false),
  ('00000000-0000-0000-0000-000000000000','00000000-0000-0000-0000-000000000148','authenticated','authenticated','paulo.oliveira@gmail.com','$2a$10$3zKnQkN4Mp8/vv0YnWYCoOCfRXi/J04mlbiubPj.R/NyGvVvA2yxq',now(),'{"provider":"email","providers":["email"]}','{}',now()-interval '31 days',now(),'','','','',false),
  ('00000000-0000-0000-0000-000000000000','00000000-0000-0000-0000-000000000149','authenticated','authenticated','bruno.santos@gmail.com','$2a$10$3zKnQkN4Mp8/vv0YnWYCoOCfRXi/J04mlbiubPj.R/NyGvVvA2yxq',now(),'{"provider":"email","providers":["email"]}','{}',now()-interval '55 days',now(),'','','','',false),
  ('00000000-0000-0000-0000-000000000000','00000000-0000-0000-0000-000000000150','authenticated','authenticated','tiago.mendes@gmail.com','$2a$10$3zKnQkN4Mp8/vv0YnWYCoOCfRXi/J04mlbiubPj.R/NyGvVvA2yxq',now(),'{"provider":"email","providers":["email"]}','{}',now()-interval '49 days',now(),'','','','',false),
  ('00000000-0000-0000-0000-000000000000','00000000-0000-0000-0000-000000000151','authenticated','authenticated','filipe.costa@gmail.com','$2a$10$3zKnQkN4Mp8/vv0YnWYCoOCfRXi/J04mlbiubPj.R/NyGvVvA2yxq',now(),'{"provider":"email","providers":["email"]}','{}',now()-interval '35 days',now(),'','','','',false),
  ('00000000-0000-0000-0000-000000000000','00000000-0000-0000-0000-000000000152','authenticated','authenticated','andre.rodrigues@gmail.com','$2a$10$3zKnQkN4Mp8/vv0YnWYCoOCfRXi/J04mlbiubPj.R/NyGvVvA2yxq',now(),'{"provider":"email","providers":["email"]}','{}',now()-interval '28 days',now(),'','','','',false),
  ('00000000-0000-0000-0000-000000000000','00000000-0000-0000-0000-000000000153','authenticated','authenticated','nuno.pereira@gmail.com','$2a$10$3zKnQkN4Mp8/vv0YnWYCoOCfRXi/J04mlbiubPj.R/NyGvVvA2yxq',now(),'{"provider":"email","providers":["email"]}','{}',now()-interval '27 days',now(),'','','','',false),
  ('00000000-0000-0000-0000-000000000000','00000000-0000-0000-0000-000000000154','authenticated','authenticated','diogo.almeida@gmail.com','$2a$10$3zKnQkN4Mp8/vv0YnWYCoOCfRXi/J04mlbiubPj.R/NyGvVvA2yxq',now(),'{"provider":"email","providers":["email"]}','{}',now()-interval '37 days',now(),'','','','',false),
  ('00000000-0000-0000-0000-000000000000','00000000-0000-0000-0000-000000000155','authenticated','authenticated','rui.sousa@gmail.com','$2a$10$3zKnQkN4Mp8/vv0YnWYCoOCfRXi/J04mlbiubPj.R/NyGvVvA2yxq',now(),'{"provider":"email","providers":["email"]}','{}',now()-interval '28 days',now(),'','','','',false),
  ('00000000-0000-0000-0000-000000000000','00000000-0000-0000-0000-000000000156','authenticated','authenticated','goncalo.martins@gmail.com','$2a$10$3zKnQkN4Mp8/vv0YnWYCoOCfRXi/J04mlbiubPj.R/NyGvVvA2yxq',now(),'{"provider":"email","providers":["email"]}','{}',now()-interval '36 days',now(),'','','','',false),
  ('00000000-0000-0000-0000-000000000000','00000000-0000-0000-0000-000000000157','authenticated','authenticated','pedro.correia@gmail.com','$2a$10$3zKnQkN4Mp8/vv0YnWYCoOCfRXi/J04mlbiubPj.R/NyGvVvA2yxq',now(),'{"provider":"email","providers":["email"]}','{}',now()-interval '52 days',now(),'','','','',false),
  ('00000000-0000-0000-0000-000000000000','00000000-0000-0000-0000-000000000158','authenticated','authenticated','carlos.fernandes@gmail.com','$2a$10$3zKnQkN4Mp8/vv0YnWYCoOCfRXi/J04mlbiubPj.R/NyGvVvA2yxq',now(),'{"provider":"email","providers":["email"]}','{}',now()-interval '36 days',now(),'','','','',false),
  ('00000000-0000-0000-0000-000000000000','00000000-0000-0000-0000-000000000159','authenticated','authenticated','fabio.lopes@gmail.com','$2a$10$3zKnQkN4Mp8/vv0YnWYCoOCfRXi/J04mlbiubPj.R/NyGvVvA2yxq',now(),'{"provider":"email","providers":["email"]}','{}',now()-interval '44 days',now(),'','','','',false),
  ('00000000-0000-0000-0000-000000000000','00000000-0000-0000-0000-000000000160','authenticated','authenticated','hugo.carvalho@gmail.com','$2a$10$3zKnQkN4Mp8/vv0YnWYCoOCfRXi/J04mlbiubPj.R/NyGvVvA2yxq',now(),'{"provider":"email","providers":["email"]}','{}',now()-interval '33 days',now(),'','','','',false),
  ('00000000-0000-0000-0000-000000000000','00000000-0000-0000-0000-000000000161','authenticated','authenticated','mehdi.hadj@gmail.com','$2a$10$3zKnQkN4Mp8/vv0YnWYCoOCfRXi/J04mlbiubPj.R/NyGvVvA2yxq',now(),'{"provider":"email","providers":["email"]}','{}',now()-interval '50 days',now(),'','','','',false),
  ('00000000-0000-0000-0000-000000000000','00000000-0000-0000-0000-000000000162','authenticated','authenticated','samir.toumi@gmail.com','$2a$10$3zKnQkN4Mp8/vv0YnWYCoOCfRXi/J04mlbiubPj.R/NyGvVvA2yxq',now(),'{"provider":"email","providers":["email"]}','{}',now()-interval '26 days',now(),'','','','',false),
  ('00000000-0000-0000-0000-000000000000','00000000-0000-0000-0000-000000000163','authenticated','authenticated','amine.bouzidi@gmail.com','$2a$10$3zKnQkN4Mp8/vv0YnWYCoOCfRXi/J04mlbiubPj.R/NyGvVvA2yxq',now(),'{"provider":"email","providers":["email"]}','{}',now()-interval '48 days',now(),'','','','',false),
  ('00000000-0000-0000-0000-000000000000','00000000-0000-0000-0000-000000000164','authenticated','authenticated','youssef.amrani@gmail.com','$2a$10$3zKnQkN4Mp8/vv0YnWYCoOCfRXi/J04mlbiubPj.R/NyGvVvA2yxq',now(),'{"provider":"email","providers":["email"]}','{}',now()-interval '39 days',now(),'','','','',false),
  ('00000000-0000-0000-0000-000000000000','00000000-0000-0000-0000-000000000165','authenticated','authenticated','kamel.boukhris@gmail.com','$2a$10$3zKnQkN4Mp8/vv0YnWYCoOCfRXi/J04mlbiubPj.R/NyGvVvA2yxq',now(),'{"provider":"email","providers":["email"]}','{}',now()-interval '42 days',now(),'','','','',false),
  ('00000000-0000-0000-0000-000000000000','00000000-0000-0000-0000-000000000166','authenticated','authenticated','reda.elidrissi@gmail.com','$2a$10$3zKnQkN4Mp8/vv0YnWYCoOCfRXi/J04mlbiubPj.R/NyGvVvA2yxq',now(),'{"provider":"email","providers":["email"]}','{}',now()-interval '28 days',now(),'','','','',false),
  ('00000000-0000-0000-0000-000000000000','00000000-0000-0000-0000-000000000167','authenticated','authenticated','bilal.mansouri@gmail.com','$2a$10$3zKnQkN4Mp8/vv0YnWYCoOCfRXi/J04mlbiubPj.R/NyGvVvA2yxq',now(),'{"provider":"email","providers":["email"]}','{}',now()-interval '54 days',now(),'','','','',false),
  ('00000000-0000-0000-0000-000000000000','00000000-0000-0000-0000-000000000168','authenticated','authenticated','walid.belhaj@gmail.com','$2a$10$3zKnQkN4Mp8/vv0YnWYCoOCfRXi/J04mlbiubPj.R/NyGvVvA2yxq',now(),'{"provider":"email","providers":["email"]}','{}',now()-interval '37 days',now(),'','','','',false),
  ('00000000-0000-0000-0000-000000000000','00000000-0000-0000-0000-000000000169','authenticated','authenticated','sofiane.khelifi@gmail.com','$2a$10$3zKnQkN4Mp8/vv0YnWYCoOCfRXi/J04mlbiubPj.R/NyGvVvA2yxq',now(),'{"provider":"email","providers":["email"]}','{}',now()-interval '27 days',now(),'','','','',false),
  ('00000000-0000-0000-0000-000000000000','00000000-0000-0000-0000-000000000170','authenticated','authenticated','nabil.chakir@gmail.com','$2a$10$3zKnQkN4Mp8/vv0YnWYCoOCfRXi/J04mlbiubPj.R/NyGvVvA2yxq',now(),'{"provider":"email","providers":["email"]}','{}',now()-interval '42 days',now(),'','','','',false),
  ('00000000-0000-0000-0000-000000000000','00000000-0000-0000-0000-000000000171','authenticated','authenticated','tarek.sassi@gmail.com','$2a$10$3zKnQkN4Mp8/vv0YnWYCoOCfRXi/J04mlbiubPj.R/NyGvVvA2yxq',now(),'{"provider":"email","providers":["email"]}','{}',now()-interval '34 days',now(),'','','','',false),
  ('00000000-0000-0000-0000-000000000000','00000000-0000-0000-0000-000000000172','authenticated','authenticated','hamza.zerhouni@gmail.com','$2a$10$3zKnQkN4Mp8/vv0YnWYCoOCfRXi/J04mlbiubPj.R/NyGvVvA2yxq',now(),'{"provider":"email","providers":["email"]}','{}',now()-interval '51 days',now(),'','','','',false),
  ('00000000-0000-0000-0000-000000000000','00000000-0000-0000-0000-000000000173','authenticated','authenticated','ismael.benmoussa@gmail.com','$2a$10$3zKnQkN4Mp8/vv0YnWYCoOCfRXi/J04mlbiubPj.R/NyGvVvA2yxq',now(),'{"provider":"email","providers":["email"]}','{}',now()-interval '45 days',now(),'','','','',false),
  ('00000000-0000-0000-0000-000000000000','00000000-0000-0000-0000-000000000174','authenticated','authenticated','rachid.boukhatem@gmail.com','$2a$10$3zKnQkN4Mp8/vv0YnWYCoOCfRXi/J04mlbiubPj.R/NyGvVvA2yxq',now(),'{"provider":"email","providers":["email"]}','{}',now()-interval '44 days',now(),'','','','',false),
  ('00000000-0000-0000-0000-000000000000','00000000-0000-0000-0000-000000000175','authenticated','authenticated','anis.trabelsi@gmail.com','$2a$10$3zKnQkN4Mp8/vv0YnWYCoOCfRXi/J04mlbiubPj.R/NyGvVvA2yxq',now(),'{"provider":"email","providers":["email"]}','{}',now()-interval '53 days',now(),'','','','',false),
  ('00000000-0000-0000-0000-000000000000','00000000-0000-0000-0000-000000000176','authenticated','authenticated','omar.diallo@gmail.com','$2a$10$3zKnQkN4Mp8/vv0YnWYCoOCfRXi/J04mlbiubPj.R/NyGvVvA2yxq',now(),'{"provider":"email","providers":["email"]}','{}',now()-interval '52 days',now(),'','','','',false),
  ('00000000-0000-0000-0000-000000000000','00000000-0000-0000-0000-000000000177','authenticated','authenticated','moussa.camara@gmail.com','$2a$10$3zKnQkN4Mp8/vv0YnWYCoOCfRXi/J04mlbiubPj.R/NyGvVvA2yxq',now(),'{"provider":"email","providers":["email"]}','{}',now()-interval '36 days',now(),'','','','',false),
  ('00000000-0000-0000-0000-000000000000','00000000-0000-0000-0000-000000000178','authenticated','authenticated','ibrahima.ndiaye@gmail.com','$2a$10$3zKnQkN4Mp8/vv0YnWYCoOCfRXi/J04mlbiubPj.R/NyGvVvA2yxq',now(),'{"provider":"email","providers":["email"]}','{}',now()-interval '43 days',now(),'','','','',false),
  ('00000000-0000-0000-0000-000000000000','00000000-0000-0000-0000-000000000179','authenticated','authenticated','jean.mbemba@gmail.com','$2a$10$3zKnQkN4Mp8/vv0YnWYCoOCfRXi/J04mlbiubPj.R/NyGvVvA2yxq',now(),'{"provider":"email","providers":["email"]}','{}',now()-interval '31 days',now(),'','','','',false),
  ('00000000-0000-0000-0000-000000000000','00000000-0000-0000-0000-000000000180','authenticated','authenticated','sekou.kone@gmail.com','$2a$10$3zKnQkN4Mp8/vv0YnWYCoOCfRXi/J04mlbiubPj.R/NyGvVvA2yxq',now(),'{"provider":"email","providers":["email"]}','{}',now()-interval '47 days',now(),'','','','',false),
  ('00000000-0000-0000-0000-000000000000','00000000-0000-0000-0000-000000000181','authenticated','authenticated','patrick.ndayisaba@gmail.com','$2a$10$3zKnQkN4Mp8/vv0YnWYCoOCfRXi/J04mlbiubPj.R/NyGvVvA2yxq',now(),'{"provider":"email","providers":["email"]}','{}',now()-interval '27 days',now(),'','','','',false),
  ('00000000-0000-0000-0000-000000000000','00000000-0000-0000-0000-000000000182','authenticated','authenticated','emmanuel.kouassi@gmail.com','$2a$10$3zKnQkN4Mp8/vv0YnWYCoOCfRXi/J04mlbiubPj.R/NyGvVvA2yxq',now(),'{"provider":"email","providers":["email"]}','{}',now()-interval '26 days',now(),'','','','',false),
  ('00000000-0000-0000-0000-000000000000','00000000-0000-0000-0000-000000000183','authenticated','authenticated','amadou.toure@gmail.com','$2a$10$3zKnQkN4Mp8/vv0YnWYCoOCfRXi/J04mlbiubPj.R/NyGvVvA2yxq',now(),'{"provider":"email","providers":["email"]}','{}',now()-interval '46 days',now(),'','','','',false),
  ('00000000-0000-0000-0000-000000000000','00000000-0000-0000-0000-000000000184','authenticated','authenticated','samuel.nguegang@gmail.com','$2a$10$3zKnQkN4Mp8/vv0YnWYCoOCfRXi/J04mlbiubPj.R/NyGvVvA2yxq',now(),'{"provider":"email","providers":["email"]}','{}',now()-interval '32 days',now(),'','','','',false),
  ('00000000-0000-0000-0000-000000000000','00000000-0000-0000-0000-000000000185','authenticated','authenticated','abdoulaye.bah@gmail.com','$2a$10$3zKnQkN4Mp8/vv0YnWYCoOCfRXi/J04mlbiubPj.R/NyGvVvA2yxq',now(),'{"provider":"email","providers":["email"]}','{}',now()-interval '49 days',now(),'','','','',false),
  ('00000000-0000-0000-0000-000000000000','00000000-0000-0000-0000-000000000186','authenticated','authenticated','emir.kadic@gmail.com','$2a$10$3zKnQkN4Mp8/vv0YnWYCoOCfRXi/J04mlbiubPj.R/NyGvVvA2yxq',now(),'{"provider":"email","providers":["email"]}','{}',now()-interval '34 days',now(),'','','','',false),
  ('00000000-0000-0000-0000-000000000000','00000000-0000-0000-0000-000000000187','authenticated','authenticated','ivan.petrovic@gmail.com','$2a$10$3zKnQkN4Mp8/vv0YnWYCoOCfRXi/J04mlbiubPj.R/NyGvVvA2yxq',now(),'{"provider":"email","providers":["email"]}','{}',now()-interval '27 days',now(),'','','','',false),
  ('00000000-0000-0000-0000-000000000000','00000000-0000-0000-0000-000000000188','authenticated','authenticated','driton.berisha@gmail.com','$2a$10$3zKnQkN4Mp8/vv0YnWYCoOCfRXi/J04mlbiubPj.R/NyGvVvA2yxq',now(),'{"provider":"email","providers":["email"]}','{}',now()-interval '52 days',now(),'','','','',false),
  ('00000000-0000-0000-0000-000000000000','00000000-0000-0000-0000-000000000189','authenticated','authenticated','arben.gashi@gmail.com','$2a$10$3zKnQkN4Mp8/vv0YnWYCoOCfRXi/J04mlbiubPj.R/NyGvVvA2yxq',now(),'{"provider":"email","providers":["email"]}','{}',now()-interval '32 days',now(),'','','','',false),
  ('00000000-0000-0000-0000-000000000000','00000000-0000-0000-0000-000000000190','authenticated','authenticated','luan.krasniqi@gmail.com','$2a$10$3zKnQkN4Mp8/vv0YnWYCoOCfRXi/J04mlbiubPj.R/NyGvVvA2yxq',now(),'{"provider":"email","providers":["email"]}','{}',now()-interval '52 days',now(),'','','','',false),
  ('00000000-0000-0000-0000-000000000000','00000000-0000-0000-0000-000000000191','authenticated','authenticated','mirko.jovanovic@gmail.com','$2a$10$3zKnQkN4Mp8/vv0YnWYCoOCfRXi/J04mlbiubPj.R/NyGvVvA2yxq',now(),'{"provider":"email","providers":["email"]}','{}',now()-interval '28 days',now(),'','','','',false),
  ('00000000-0000-0000-0000-000000000000','00000000-0000-0000-0000-000000000192','authenticated','authenticated','blerim.shala@gmail.com','$2a$10$3zKnQkN4Mp8/vv0YnWYCoOCfRXi/J04mlbiubPj.R/NyGvVvA2yxq',now(),'{"provider":"email","providers":["email"]}','{}',now()-interval '37 days',now(),'','','','',false),
  ('00000000-0000-0000-0000-000000000000','00000000-0000-0000-0000-000000000193','authenticated','authenticated','stefan.markovic@gmail.com','$2a$10$3zKnQkN4Mp8/vv0YnWYCoOCfRXi/J04mlbiubPj.R/NyGvVvA2yxq',now(),'{"provider":"email","providers":["email"]}','{}',now()-interval '33 days',now(),'','','','',false),
  ('00000000-0000-0000-0000-000000000000','00000000-0000-0000-0000-000000000194','authenticated','authenticated','marco.rossi@gmail.com','$2a$10$3zKnQkN4Mp8/vv0YnWYCoOCfRXi/J04mlbiubPj.R/NyGvVvA2yxq',now(),'{"provider":"email","providers":["email"]}','{}',now()-interval '39 days',now(),'','','','',false),
  ('00000000-0000-0000-0000-000000000000','00000000-0000-0000-0000-000000000195','authenticated','authenticated','lorenzo.bianchi@gmail.com','$2a$10$3zKnQkN4Mp8/vv0YnWYCoOCfRXi/J04mlbiubPj.R/NyGvVvA2yxq',now(),'{"provider":"email","providers":["email"]}','{}',now()-interval '45 days',now(),'','','','',false),
  ('00000000-0000-0000-0000-000000000000','00000000-0000-0000-0000-000000000196','authenticated','authenticated','andrea.romano@gmail.com','$2a$10$3zKnQkN4Mp8/vv0YnWYCoOCfRXi/J04mlbiubPj.R/NyGvVvA2yxq',now(),'{"provider":"email","providers":["email"]}','{}',now()-interval '51 days',now(),'','','','',false),
  ('00000000-0000-0000-0000-000000000000','00000000-0000-0000-0000-000000000197','authenticated','authenticated','alejandro.garcía@gmail.com','$2a$10$3zKnQkN4Mp8/vv0YnWYCoOCfRXi/J04mlbiubPj.R/NyGvVvA2yxq',now(),'{"provider":"email","providers":["email"]}','{}',now()-interval '36 days',now(),'','','','',false),
  ('00000000-0000-0000-0000-000000000000','00000000-0000-0000-0000-000000000198','authenticated','authenticated','diego.fernandez@gmail.com','$2a$10$3zKnQkN4Mp8/vv0YnWYCoOCfRXi/J04mlbiubPj.R/NyGvVvA2yxq',now(),'{"provider":"email","providers":["email"]}','{}',now()-interval '30 days',now(),'','','','',false),
  ('00000000-0000-0000-0000-000000000000','00000000-0000-0000-0000-000000000199','authenticated','authenticated','liam.nguyen@gmail.com','$2a$10$3zKnQkN4Mp8/vv0YnWYCoOCfRXi/J04mlbiubPj.R/NyGvVvA2yxq',now(),'{"provider":"email","providers":["email"]}','{}',now()-interval '36 days',now(),'','','','',false),
  ('00000000-0000-0000-0000-000000000000','00000000-0000-0000-0000-000000000200','authenticated','authenticated','kevin.fernandes@gmail.com','$2a$10$3zKnQkN4Mp8/vv0YnWYCoOCfRXi/J04mlbiubPj.R/NyGvVvA2yxq',now(),'{"provider":"email","providers":["email"]}','{}',now()-interval '36 days',now(),'','','','',false)
ON CONFLICT (id) DO NOTHING;

-- Auth identities
INSERT INTO auth.identities (id, user_id, provider_id, identity_data, provider, last_sign_in_at, created_at, updated_at) VALUES
  (gen_random_uuid(),'00000000-0000-0000-0000-000000000001','00000000-0000-0000-0000-000000000001','{"sub":"00000000-0000-0000-0000-000000000001","email":"admin@footmatch.ch"}','email',now(),now(),now()),
  (gen_random_uuid(),'00000000-0000-0000-0000-000000000002','00000000-0000-0000-0000-000000000002','{"sub":"00000000-0000-0000-0000-000000000002","email":"karim.benali@footmatch.ch"}','email',now(),now(),now()),
  (gen_random_uuid(),'00000000-0000-0000-0000-000000000003','00000000-0000-0000-0000-000000000003','{"sub":"00000000-0000-0000-0000-000000000003","email":"sophie.martin@footmatch.ch"}','email',now(),now(),now()),
  (gen_random_uuid(),'00000000-0000-0000-0000-000000000101','00000000-0000-0000-0000-000000000101','{"sub":"00000000-0000-0000-0000-000000000101","email":"lucas.muller@gmail.com"}','email',now(),now(),now()),
  (gen_random_uuid(),'00000000-0000-0000-0000-000000000102','00000000-0000-0000-0000-000000000102','{"sub":"00000000-0000-0000-0000-000000000102","email":"thomas.favre@gmail.com"}','email',now(),now(),now()),
  (gen_random_uuid(),'00000000-0000-0000-0000-000000000103','00000000-0000-0000-0000-000000000103','{"sub":"00000000-0000-0000-0000-000000000103","email":"yann.rochat@gmail.com"}','email',now(),now(),now()),
  (gen_random_uuid(),'00000000-0000-0000-0000-000000000104','00000000-0000-0000-0000-000000000104','{"sub":"00000000-0000-0000-0000-000000000104","email":"nicolas.berger@gmail.com"}','email',now(),now(),now()),
  (gen_random_uuid(),'00000000-0000-0000-0000-000000000105','00000000-0000-0000-0000-000000000105','{"sub":"00000000-0000-0000-0000-000000000105","email":"julien.morel@gmail.com"}','email',now(),now(),now()),
  (gen_random_uuid(),'00000000-0000-0000-0000-000000000106','00000000-0000-0000-0000-000000000106','{"sub":"00000000-0000-0000-0000-000000000106","email":"alexandre.perret@gmail.com"}','email',now(),now(),now()),
  (gen_random_uuid(),'00000000-0000-0000-0000-000000000107','00000000-0000-0000-0000-000000000107','{"sub":"00000000-0000-0000-0000-000000000107","email":"raphael.schmid@gmail.com"}','email',now(),now(),now()),
  (gen_random_uuid(),'00000000-0000-0000-0000-000000000108','00000000-0000-0000-0000-000000000108','{"sub":"00000000-0000-0000-0000-000000000108","email":"maxime.girard@gmail.com"}','email',now(),now(),now()),
  (gen_random_uuid(),'00000000-0000-0000-0000-000000000109','00000000-0000-0000-0000-000000000109','{"sub":"00000000-0000-0000-0000-000000000109","email":"pierre.bonnet@gmail.com"}','email',now(),now(),now()),
  (gen_random_uuid(),'00000000-0000-0000-0000-000000000110','00000000-0000-0000-0000-000000000110','{"sub":"00000000-0000-0000-0000-000000000110","email":"cedric.blanc@gmail.com"}','email',now(),now(),now()),
  (gen_random_uuid(),'00000000-0000-0000-0000-000000000111','00000000-0000-0000-0000-000000000111','{"sub":"00000000-0000-0000-0000-000000000111","email":"loic.ducret@gmail.com"}','email',now(),now(),now()),
  (gen_random_uuid(),'00000000-0000-0000-0000-000000000112','00000000-0000-0000-0000-000000000112','{"sub":"00000000-0000-0000-0000-000000000112","email":"jonathan.bauer@gmail.com"}','email',now(),now(),now()),
  (gen_random_uuid(),'00000000-0000-0000-0000-000000000113','00000000-0000-0000-0000-000000000113','{"sub":"00000000-0000-0000-0000-000000000113","email":"vincent.jacquier@gmail.com"}','email',now(),now(),now()),
  (gen_random_uuid(),'00000000-0000-0000-0000-000000000114','00000000-0000-0000-0000-000000000114','{"sub":"00000000-0000-0000-0000-000000000114","email":"florian.dubois@gmail.com"}','email',now(),now(),now()),
  (gen_random_uuid(),'00000000-0000-0000-0000-000000000115','00000000-0000-0000-0000-000000000115','{"sub":"00000000-0000-0000-0000-000000000115","email":"adrien.gaillard@gmail.com"}','email',now(),now(),now()),
  (gen_random_uuid(),'00000000-0000-0000-0000-000000000116','00000000-0000-0000-0000-000000000116','{"sub":"00000000-0000-0000-0000-000000000116","email":"baptiste.renaud@gmail.com"}','email',now(),now(),now()),
  (gen_random_uuid(),'00000000-0000-0000-0000-000000000117','00000000-0000-0000-0000-000000000117','{"sub":"00000000-0000-0000-0000-000000000117","email":"sylvain.chevalier@gmail.com"}','email',now(),now(),now()),
  (gen_random_uuid(),'00000000-0000-0000-0000-000000000118','00000000-0000-0000-0000-000000000118','{"sub":"00000000-0000-0000-0000-000000000118","email":"hugo.mercier@gmail.com"}','email',now(),now(),now()),
  (gen_random_uuid(),'00000000-0000-0000-0000-000000000119','00000000-0000-0000-0000-000000000119','{"sub":"00000000-0000-0000-0000-000000000119","email":"romain.vuilleumier@gmail.com"}','email',now(),now(),now()),
  (gen_random_uuid(),'00000000-0000-0000-0000-000000000120','00000000-0000-0000-0000-000000000120','{"sub":"00000000-0000-0000-0000-000000000120","email":"nathan.pittet@gmail.com"}','email',now(),now(),now()),
  (gen_random_uuid(),'00000000-0000-0000-0000-000000000121','00000000-0000-0000-0000-000000000121','{"sub":"00000000-0000-0000-0000-000000000121","email":"sebastien.rey@gmail.com"}','email',now(),now(),now()),
  (gen_random_uuid(),'00000000-0000-0000-0000-000000000122','00000000-0000-0000-0000-000000000122','{"sub":"00000000-0000-0000-0000-000000000122","email":"arnaud.terrier@gmail.com"}','email',now(),now(),now()),
  (gen_random_uuid(),'00000000-0000-0000-0000-000000000123','00000000-0000-0000-0000-000000000123','{"sub":"00000000-0000-0000-0000-000000000123","email":"ludovic.magnin@gmail.com"}','email',now(),now(),now()),
  (gen_random_uuid(),'00000000-0000-0000-0000-000000000124','00000000-0000-0000-0000-000000000124','{"sub":"00000000-0000-0000-0000-000000000124","email":"thierry.moser@gmail.com"}','email',now(),now(),now()),
  (gen_random_uuid(),'00000000-0000-0000-0000-000000000125','00000000-0000-0000-0000-000000000125','{"sub":"00000000-0000-0000-0000-000000000125","email":"philippe.wenger@gmail.com"}','email',now(),now(),now()),
  (gen_random_uuid(),'00000000-0000-0000-0000-000000000126','00000000-0000-0000-0000-000000000126','{"sub":"00000000-0000-0000-0000-000000000126","email":"antoine.leroy@gmail.com"}','email',now(),now(),now()),
  (gen_random_uuid(),'00000000-0000-0000-0000-000000000127','00000000-0000-0000-0000-000000000127','{"sub":"00000000-0000-0000-0000-000000000127","email":"fabien.roux@gmail.com"}','email',now(),now(),now()),
  (gen_random_uuid(),'00000000-0000-0000-0000-000000000128','00000000-0000-0000-0000-000000000128','{"sub":"00000000-0000-0000-0000-000000000128","email":"damien.petit@gmail.com"}','email',now(),now(),now()),
  (gen_random_uuid(),'00000000-0000-0000-0000-000000000129','00000000-0000-0000-0000-000000000129','{"sub":"00000000-0000-0000-0000-000000000129","email":"theo.laurent@gmail.com"}','email',now(),now(),now()),
  (gen_random_uuid(),'00000000-0000-0000-0000-000000000130','00000000-0000-0000-0000-000000000130','{"sub":"00000000-0000-0000-0000-000000000130","email":"mathieu.dupuis@gmail.com"}','email',now(),now(),now()),
  (gen_random_uuid(),'00000000-0000-0000-0000-000000000131','00000000-0000-0000-0000-000000000131','{"sub":"00000000-0000-0000-0000-000000000131","email":"clement.rousseau@gmail.com"}','email',now(),now(),now()),
  (gen_random_uuid(),'00000000-0000-0000-0000-000000000132','00000000-0000-0000-0000-000000000132','{"sub":"00000000-0000-0000-0000-000000000132","email":"guillaume.moreau@gmail.com"}','email',now(),now(),now()),
  (gen_random_uuid(),'00000000-0000-0000-0000-000000000133','00000000-0000-0000-0000-000000000133','{"sub":"00000000-0000-0000-0000-000000000133","email":"remi.lefebvre@gmail.com"}','email',now(),now(),now()),
  (gen_random_uuid(),'00000000-0000-0000-0000-000000000134','00000000-0000-0000-0000-000000000134','{"sub":"00000000-0000-0000-0000-000000000134","email":"axel.simon@gmail.com"}','email',now(),now(),now()),
  (gen_random_uuid(),'00000000-0000-0000-0000-000000000135','00000000-0000-0000-0000-000000000135','{"sub":"00000000-0000-0000-0000-000000000135","email":"dylan.garnier@gmail.com"}','email',now(),now(),now()),
  (gen_random_uuid(),'00000000-0000-0000-0000-000000000136','00000000-0000-0000-0000-000000000136','{"sub":"00000000-0000-0000-0000-000000000136","email":"kevin.martin@gmail.com"}','email',now(),now(),now()),
  (gen_random_uuid(),'00000000-0000-0000-0000-000000000137','00000000-0000-0000-0000-000000000137','{"sub":"00000000-0000-0000-0000-000000000137","email":"jeremy.bernard@gmail.com"}','email',now(),now(),now()),
  (gen_random_uuid(),'00000000-0000-0000-0000-000000000138','00000000-0000-0000-0000-000000000138','{"sub":"00000000-0000-0000-0000-000000000138","email":"quentin.robert@gmail.com"}','email',now(),now(),now()),
  (gen_random_uuid(),'00000000-0000-0000-0000-000000000139','00000000-0000-0000-0000-000000000139','{"sub":"00000000-0000-0000-0000-000000000139","email":"dorian.richard@gmail.com"}','email',now(),now(),now()),
  (gen_random_uuid(),'00000000-0000-0000-0000-000000000140','00000000-0000-0000-0000-000000000140','{"sub":"00000000-0000-0000-0000-000000000140","email":"tanguy.duval@gmail.com"}','email',now(),now(),now()),
  (gen_random_uuid(),'00000000-0000-0000-0000-000000000141','00000000-0000-0000-0000-000000000141','{"sub":"00000000-0000-0000-0000-000000000141","email":"corentin.lemaire@gmail.com"}','email',now(),now(),now()),
  (gen_random_uuid(),'00000000-0000-0000-0000-000000000142','00000000-0000-0000-0000-000000000142','{"sub":"00000000-0000-0000-0000-000000000142","email":"bastien.fournier@gmail.com"}','email',now(),now(),now()),
  (gen_random_uuid(),'00000000-0000-0000-0000-000000000143','00000000-0000-0000-0000-000000000143','{"sub":"00000000-0000-0000-0000-000000000143","email":"erwan.legoff@gmail.com"}','email',now(),now(),now()),
  (gen_random_uuid(),'00000000-0000-0000-0000-000000000144','00000000-0000-0000-0000-000000000144','{"sub":"00000000-0000-0000-0000-000000000144","email":"gaetan.marchand@gmail.com"}','email',now(),now(),now()),
  (gen_random_uuid(),'00000000-0000-0000-0000-000000000145','00000000-0000-0000-0000-000000000145','{"sub":"00000000-0000-0000-0000-000000000145","email":"killian.caron@gmail.com"}','email',now(),now(),now()),
  (gen_random_uuid(),'00000000-0000-0000-0000-000000000146','00000000-0000-0000-0000-000000000146','{"sub":"00000000-0000-0000-0000-000000000146","email":"david.silva@gmail.com"}','email',now(),now(),now()),
  (gen_random_uuid(),'00000000-0000-0000-0000-000000000147','00000000-0000-0000-0000-000000000147','{"sub":"00000000-0000-0000-0000-000000000147","email":"ricardo.ferreira@gmail.com"}','email',now(),now(),now()),
  (gen_random_uuid(),'00000000-0000-0000-0000-000000000148','00000000-0000-0000-0000-000000000148','{"sub":"00000000-0000-0000-0000-000000000148","email":"paulo.oliveira@gmail.com"}','email',now(),now(),now()),
  (gen_random_uuid(),'00000000-0000-0000-0000-000000000149','00000000-0000-0000-0000-000000000149','{"sub":"00000000-0000-0000-0000-000000000149","email":"bruno.santos@gmail.com"}','email',now(),now(),now()),
  (gen_random_uuid(),'00000000-0000-0000-0000-000000000150','00000000-0000-0000-0000-000000000150','{"sub":"00000000-0000-0000-0000-000000000150","email":"tiago.mendes@gmail.com"}','email',now(),now(),now()),
  (gen_random_uuid(),'00000000-0000-0000-0000-000000000151','00000000-0000-0000-0000-000000000151','{"sub":"00000000-0000-0000-0000-000000000151","email":"filipe.costa@gmail.com"}','email',now(),now(),now()),
  (gen_random_uuid(),'00000000-0000-0000-0000-000000000152','00000000-0000-0000-0000-000000000152','{"sub":"00000000-0000-0000-0000-000000000152","email":"andre.rodrigues@gmail.com"}','email',now(),now(),now()),
  (gen_random_uuid(),'00000000-0000-0000-0000-000000000153','00000000-0000-0000-0000-000000000153','{"sub":"00000000-0000-0000-0000-000000000153","email":"nuno.pereira@gmail.com"}','email',now(),now(),now()),
  (gen_random_uuid(),'00000000-0000-0000-0000-000000000154','00000000-0000-0000-0000-000000000154','{"sub":"00000000-0000-0000-0000-000000000154","email":"diogo.almeida@gmail.com"}','email',now(),now(),now()),
  (gen_random_uuid(),'00000000-0000-0000-0000-000000000155','00000000-0000-0000-0000-000000000155','{"sub":"00000000-0000-0000-0000-000000000155","email":"rui.sousa@gmail.com"}','email',now(),now(),now()),
  (gen_random_uuid(),'00000000-0000-0000-0000-000000000156','00000000-0000-0000-0000-000000000156','{"sub":"00000000-0000-0000-0000-000000000156","email":"goncalo.martins@gmail.com"}','email',now(),now(),now()),
  (gen_random_uuid(),'00000000-0000-0000-0000-000000000157','00000000-0000-0000-0000-000000000157','{"sub":"00000000-0000-0000-0000-000000000157","email":"pedro.correia@gmail.com"}','email',now(),now(),now()),
  (gen_random_uuid(),'00000000-0000-0000-0000-000000000158','00000000-0000-0000-0000-000000000158','{"sub":"00000000-0000-0000-0000-000000000158","email":"carlos.fernandes@gmail.com"}','email',now(),now(),now()),
  (gen_random_uuid(),'00000000-0000-0000-0000-000000000159','00000000-0000-0000-0000-000000000159','{"sub":"00000000-0000-0000-0000-000000000159","email":"fabio.lopes@gmail.com"}','email',now(),now(),now()),
  (gen_random_uuid(),'00000000-0000-0000-0000-000000000160','00000000-0000-0000-0000-000000000160','{"sub":"00000000-0000-0000-0000-000000000160","email":"hugo.carvalho@gmail.com"}','email',now(),now(),now()),
  (gen_random_uuid(),'00000000-0000-0000-0000-000000000161','00000000-0000-0000-0000-000000000161','{"sub":"00000000-0000-0000-0000-000000000161","email":"mehdi.hadj@gmail.com"}','email',now(),now(),now()),
  (gen_random_uuid(),'00000000-0000-0000-0000-000000000162','00000000-0000-0000-0000-000000000162','{"sub":"00000000-0000-0000-0000-000000000162","email":"samir.toumi@gmail.com"}','email',now(),now(),now()),
  (gen_random_uuid(),'00000000-0000-0000-0000-000000000163','00000000-0000-0000-0000-000000000163','{"sub":"00000000-0000-0000-0000-000000000163","email":"amine.bouzidi@gmail.com"}','email',now(),now(),now()),
  (gen_random_uuid(),'00000000-0000-0000-0000-000000000164','00000000-0000-0000-0000-000000000164','{"sub":"00000000-0000-0000-0000-000000000164","email":"youssef.amrani@gmail.com"}','email',now(),now(),now()),
  (gen_random_uuid(),'00000000-0000-0000-0000-000000000165','00000000-0000-0000-0000-000000000165','{"sub":"00000000-0000-0000-0000-000000000165","email":"kamel.boukhris@gmail.com"}','email',now(),now(),now()),
  (gen_random_uuid(),'00000000-0000-0000-0000-000000000166','00000000-0000-0000-0000-000000000166','{"sub":"00000000-0000-0000-0000-000000000166","email":"reda.elidrissi@gmail.com"}','email',now(),now(),now()),
  (gen_random_uuid(),'00000000-0000-0000-0000-000000000167','00000000-0000-0000-0000-000000000167','{"sub":"00000000-0000-0000-0000-000000000167","email":"bilal.mansouri@gmail.com"}','email',now(),now(),now()),
  (gen_random_uuid(),'00000000-0000-0000-0000-000000000168','00000000-0000-0000-0000-000000000168','{"sub":"00000000-0000-0000-0000-000000000168","email":"walid.belhaj@gmail.com"}','email',now(),now(),now()),
  (gen_random_uuid(),'00000000-0000-0000-0000-000000000169','00000000-0000-0000-0000-000000000169','{"sub":"00000000-0000-0000-0000-000000000169","email":"sofiane.khelifi@gmail.com"}','email',now(),now(),now()),
  (gen_random_uuid(),'00000000-0000-0000-0000-000000000170','00000000-0000-0000-0000-000000000170','{"sub":"00000000-0000-0000-0000-000000000170","email":"nabil.chakir@gmail.com"}','email',now(),now(),now()),
  (gen_random_uuid(),'00000000-0000-0000-0000-000000000171','00000000-0000-0000-0000-000000000171','{"sub":"00000000-0000-0000-0000-000000000171","email":"tarek.sassi@gmail.com"}','email',now(),now(),now()),
  (gen_random_uuid(),'00000000-0000-0000-0000-000000000172','00000000-0000-0000-0000-000000000172','{"sub":"00000000-0000-0000-0000-000000000172","email":"hamza.zerhouni@gmail.com"}','email',now(),now(),now()),
  (gen_random_uuid(),'00000000-0000-0000-0000-000000000173','00000000-0000-0000-0000-000000000173','{"sub":"00000000-0000-0000-0000-000000000173","email":"ismael.benmoussa@gmail.com"}','email',now(),now(),now()),
  (gen_random_uuid(),'00000000-0000-0000-0000-000000000174','00000000-0000-0000-0000-000000000174','{"sub":"00000000-0000-0000-0000-000000000174","email":"rachid.boukhatem@gmail.com"}','email',now(),now(),now()),
  (gen_random_uuid(),'00000000-0000-0000-0000-000000000175','00000000-0000-0000-0000-000000000175','{"sub":"00000000-0000-0000-0000-000000000175","email":"anis.trabelsi@gmail.com"}','email',now(),now(),now()),
  (gen_random_uuid(),'00000000-0000-0000-0000-000000000176','00000000-0000-0000-0000-000000000176','{"sub":"00000000-0000-0000-0000-000000000176","email":"omar.diallo@gmail.com"}','email',now(),now(),now()),
  (gen_random_uuid(),'00000000-0000-0000-0000-000000000177','00000000-0000-0000-0000-000000000177','{"sub":"00000000-0000-0000-0000-000000000177","email":"moussa.camara@gmail.com"}','email',now(),now(),now()),
  (gen_random_uuid(),'00000000-0000-0000-0000-000000000178','00000000-0000-0000-0000-000000000178','{"sub":"00000000-0000-0000-0000-000000000178","email":"ibrahima.ndiaye@gmail.com"}','email',now(),now(),now()),
  (gen_random_uuid(),'00000000-0000-0000-0000-000000000179','00000000-0000-0000-0000-000000000179','{"sub":"00000000-0000-0000-0000-000000000179","email":"jean.mbemba@gmail.com"}','email',now(),now(),now()),
  (gen_random_uuid(),'00000000-0000-0000-0000-000000000180','00000000-0000-0000-0000-000000000180','{"sub":"00000000-0000-0000-0000-000000000180","email":"sekou.kone@gmail.com"}','email',now(),now(),now()),
  (gen_random_uuid(),'00000000-0000-0000-0000-000000000181','00000000-0000-0000-0000-000000000181','{"sub":"00000000-0000-0000-0000-000000000181","email":"patrick.ndayisaba@gmail.com"}','email',now(),now(),now()),
  (gen_random_uuid(),'00000000-0000-0000-0000-000000000182','00000000-0000-0000-0000-000000000182','{"sub":"00000000-0000-0000-0000-000000000182","email":"emmanuel.kouassi@gmail.com"}','email',now(),now(),now()),
  (gen_random_uuid(),'00000000-0000-0000-0000-000000000183','00000000-0000-0000-0000-000000000183','{"sub":"00000000-0000-0000-0000-000000000183","email":"amadou.toure@gmail.com"}','email',now(),now(),now()),
  (gen_random_uuid(),'00000000-0000-0000-0000-000000000184','00000000-0000-0000-0000-000000000184','{"sub":"00000000-0000-0000-0000-000000000184","email":"samuel.nguegang@gmail.com"}','email',now(),now(),now()),
  (gen_random_uuid(),'00000000-0000-0000-0000-000000000185','00000000-0000-0000-0000-000000000185','{"sub":"00000000-0000-0000-0000-000000000185","email":"abdoulaye.bah@gmail.com"}','email',now(),now(),now()),
  (gen_random_uuid(),'00000000-0000-0000-0000-000000000186','00000000-0000-0000-0000-000000000186','{"sub":"00000000-0000-0000-0000-000000000186","email":"emir.kadic@gmail.com"}','email',now(),now(),now()),
  (gen_random_uuid(),'00000000-0000-0000-0000-000000000187','00000000-0000-0000-0000-000000000187','{"sub":"00000000-0000-0000-0000-000000000187","email":"ivan.petrovic@gmail.com"}','email',now(),now(),now()),
  (gen_random_uuid(),'00000000-0000-0000-0000-000000000188','00000000-0000-0000-0000-000000000188','{"sub":"00000000-0000-0000-0000-000000000188","email":"driton.berisha@gmail.com"}','email',now(),now(),now()),
  (gen_random_uuid(),'00000000-0000-0000-0000-000000000189','00000000-0000-0000-0000-000000000189','{"sub":"00000000-0000-0000-0000-000000000189","email":"arben.gashi@gmail.com"}','email',now(),now(),now()),
  (gen_random_uuid(),'00000000-0000-0000-0000-000000000190','00000000-0000-0000-0000-000000000190','{"sub":"00000000-0000-0000-0000-000000000190","email":"luan.krasniqi@gmail.com"}','email',now(),now(),now()),
  (gen_random_uuid(),'00000000-0000-0000-0000-000000000191','00000000-0000-0000-0000-000000000191','{"sub":"00000000-0000-0000-0000-000000000191","email":"mirko.jovanovic@gmail.com"}','email',now(),now(),now()),
  (gen_random_uuid(),'00000000-0000-0000-0000-000000000192','00000000-0000-0000-0000-000000000192','{"sub":"00000000-0000-0000-0000-000000000192","email":"blerim.shala@gmail.com"}','email',now(),now(),now()),
  (gen_random_uuid(),'00000000-0000-0000-0000-000000000193','00000000-0000-0000-0000-000000000193','{"sub":"00000000-0000-0000-0000-000000000193","email":"stefan.markovic@gmail.com"}','email',now(),now(),now()),
  (gen_random_uuid(),'00000000-0000-0000-0000-000000000194','00000000-0000-0000-0000-000000000194','{"sub":"00000000-0000-0000-0000-000000000194","email":"marco.rossi@gmail.com"}','email',now(),now(),now()),
  (gen_random_uuid(),'00000000-0000-0000-0000-000000000195','00000000-0000-0000-0000-000000000195','{"sub":"00000000-0000-0000-0000-000000000195","email":"lorenzo.bianchi@gmail.com"}','email',now(),now(),now()),
  (gen_random_uuid(),'00000000-0000-0000-0000-000000000196','00000000-0000-0000-0000-000000000196','{"sub":"00000000-0000-0000-0000-000000000196","email":"andrea.romano@gmail.com"}','email',now(),now(),now()),
  (gen_random_uuid(),'00000000-0000-0000-0000-000000000197','00000000-0000-0000-0000-000000000197','{"sub":"00000000-0000-0000-0000-000000000197","email":"alejandro.garcía@gmail.com"}','email',now(),now(),now()),
  (gen_random_uuid(),'00000000-0000-0000-0000-000000000198','00000000-0000-0000-0000-000000000198','{"sub":"00000000-0000-0000-0000-000000000198","email":"diego.fernandez@gmail.com"}','email',now(),now(),now()),
  (gen_random_uuid(),'00000000-0000-0000-0000-000000000199','00000000-0000-0000-0000-000000000199','{"sub":"00000000-0000-0000-0000-000000000199","email":"liam.nguyen@gmail.com"}','email',now(),now(),now()),
  (gen_random_uuid(),'00000000-0000-0000-0000-000000000200','00000000-0000-0000-0000-000000000200','{"sub":"00000000-0000-0000-0000-000000000200","email":"kevin.fernandes@gmail.com"}','email',now(),now(),now())
ON CONFLICT ON CONSTRAINT identities_pkey DO NOTHING;

-- =====================================================
-- PROFILES  (100 players + 2 operators + 1 admin)
-- =====================================================

INSERT INTO profiles (id, email, first_name, last_name, country, city, origin_country, favorite_club, role) VALUES
  ('00000000-0000-0000-0000-000000000001','admin@footmatch.ch','Marc','Dupont','Suisse','Genève','Suisse','servette','admin'),
  ('00000000-0000-0000-0000-000000000002','karim.benali@footmatch.ch','Karim','Benali','Suisse','Genève','Algérie','psg','operator'),
  ('00000000-0000-0000-0000-000000000003','sophie.martin@footmatch.ch','Sophie','Martin','Suisse','Carouge','France','lyon','operator'),
  ('00000000-0000-0000-0000-000000000101','lucas.muller@gmail.com','Lucas','Müller','Suisse','Genève','Suisse','young-boys','player'),
  ('00000000-0000-0000-0000-000000000102','thomas.favre@gmail.com','Thomas','Favre','Suisse','Carouge','Suisse','servette','player'),
  ('00000000-0000-0000-0000-000000000103','yann.rochat@gmail.com','Yann','Rochat','Suisse','Onex','Suisse',NULL,'player'),
  ('00000000-0000-0000-0000-000000000104','nicolas.berger@gmail.com','Nicolas','Berger','Suisse','Genève','Suisse','basel','player'),
  ('00000000-0000-0000-0000-000000000105','julien.morel@gmail.com','Julien','Morel','Suisse','Genève','Suisse','monaco','player'),
  ('00000000-0000-0000-0000-000000000106','alexandre.perret@gmail.com','Alexandre','Perret','Suisse','Chêne-Bourg','Suisse','barcelona','player'),
  ('00000000-0000-0000-0000-000000000107','raphael.schmid@gmail.com','Raphaël','Schmid','Suisse','Thônex','Suisse','zurich','player'),
  ('00000000-0000-0000-0000-000000000108','maxime.girard@gmail.com','Maxime','Girard','Suisse','Lancy','Suisse','servette','player'),
  ('00000000-0000-0000-0000-000000000109','pierre.bonnet@gmail.com','Pierre','Bonnet','Suisse','Vernier','Suisse','psg','player'),
  ('00000000-0000-0000-0000-000000000110','cedric.blanc@gmail.com','Cédric','Blanc','Suisse','Genève','Suisse','servette','player'),
  ('00000000-0000-0000-0000-000000000111','loic.ducret@gmail.com','Loïc','Ducret','Suisse','Carouge','Suisse','lyon','player'),
  ('00000000-0000-0000-0000-000000000112','jonathan.bauer@gmail.com','Jonathan','Bauer','Suisse','Meyrin','Suisse',NULL,'player'),
  ('00000000-0000-0000-0000-000000000113','vincent.jacquier@gmail.com','Vincent','Jacquier','Suisse','Plan-les-Ouates','Suisse','servette','player'),
  ('00000000-0000-0000-0000-000000000114','florian.dubois@gmail.com','Florian','Dubois','Suisse','Genève','Suisse','marseille','player'),
  ('00000000-0000-0000-0000-000000000115','adrien.gaillard@gmail.com','Adrien','Gaillard','Suisse','Bernex','Suisse','young-boys','player'),
  ('00000000-0000-0000-0000-000000000116','baptiste.renaud@gmail.com','Baptiste','Renaud','Suisse','Grand-Saconnex','Suisse',NULL,'player'),
  ('00000000-0000-0000-0000-000000000117','sylvain.chevalier@gmail.com','Sylvain','Chevalier','Suisse','Onex','Suisse','servette','player'),
  ('00000000-0000-0000-0000-000000000118','hugo.mercier@gmail.com','Hugo','Mercier','Suisse','Lancy','Suisse','monaco','player'),
  ('00000000-0000-0000-0000-000000000119','romain.vuilleumier@gmail.com','Romain','Vuilleumier','Suisse','Genève','Suisse',NULL,'player'),
  ('00000000-0000-0000-0000-000000000120','nathan.pittet@gmail.com','Nathan','Pittet','Suisse','Carouge','Suisse','servette','player'),
  ('00000000-0000-0000-0000-000000000121','sebastien.rey@gmail.com','Sébastien','Rey','Suisse','Vernier','Suisse','sion','player'),
  ('00000000-0000-0000-0000-000000000122','arnaud.terrier@gmail.com','Arnaud','Terrier','Suisse','Genève','Suisse','servette','player'),
  ('00000000-0000-0000-0000-000000000123','ludovic.magnin@gmail.com','Ludovic','Magnin','Suisse','Bernex','Suisse','zurich','player'),
  ('00000000-0000-0000-0000-000000000124','thierry.moser@gmail.com','Thierry','Moser','Suisse','Meyrin','Suisse',NULL,'player'),
  ('00000000-0000-0000-0000-000000000125','philippe.wenger@gmail.com','Philippe','Wenger','Suisse','Chêne-Bougeries','Suisse','young-boys','player'),
  ('00000000-0000-0000-0000-000000000126','antoine.leroy@gmail.com','Antoine','Leroy','Suisse','Genève','France','marseille','player'),
  ('00000000-0000-0000-0000-000000000127','fabien.roux@gmail.com','Fabien','Roux','Suisse','Lancy','France','psg','player'),
  ('00000000-0000-0000-0000-000000000128','damien.petit@gmail.com','Damien','Petit','Suisse','Lancy','France','lille','player'),
  ('00000000-0000-0000-0000-000000000129','theo.laurent@gmail.com','Théo','Laurent','Suisse','Genève','France','psg','player'),
  ('00000000-0000-0000-0000-000000000130','mathieu.dupuis@gmail.com','Mathieu','Dupuis','Suisse','Vernier','France','lyon','player'),
  ('00000000-0000-0000-0000-000000000131','clement.rousseau@gmail.com','Clément','Rousseau','Suisse','Carouge','France','marseille','player'),
  ('00000000-0000-0000-0000-000000000132','guillaume.moreau@gmail.com','Guillaume','Moreau','Suisse','Genève','France','monaco','player'),
  ('00000000-0000-0000-0000-000000000133','remi.lefebvre@gmail.com','Rémi','Lefebvre','Suisse','Meyrin','France','toulouse','player'),
  ('00000000-0000-0000-0000-000000000134','axel.simon@gmail.com','Axel','Simon','Suisse','Thônex','France','nantes','player'),
  ('00000000-0000-0000-0000-000000000135','dylan.garnier@gmail.com','Dylan','Garnier','Suisse','Onex','France','bordeaux','player'),
  ('00000000-0000-0000-0000-000000000136','kevin.martin@gmail.com','Kévin','Martin','Suisse','Genève','France','saint-etienne','player'),
  ('00000000-0000-0000-0000-000000000137','jeremy.bernard@gmail.com','Jérémy','Bernard','Suisse','Lancy','France','lyon','player'),
  ('00000000-0000-0000-0000-000000000138','quentin.robert@gmail.com','Quentin','Robert','Suisse','Carouge','France','nice','player'),
  ('00000000-0000-0000-0000-000000000139','dorian.richard@gmail.com','Dorian','Richard','Suisse','Genève','France','rennes','player'),
  ('00000000-0000-0000-0000-000000000140','tanguy.duval@gmail.com','Tanguy','Duval','Suisse','Vernier','France','psg','player'),
  ('00000000-0000-0000-0000-000000000141','corentin.lemaire@gmail.com','Corentin','Lemaire','Suisse','Meyrin','France','marseille','player'),
  ('00000000-0000-0000-0000-000000000142','bastien.fournier@gmail.com','Bastien','Fournier','Suisse','Plan-les-Ouates','France','lyon','player'),
  ('00000000-0000-0000-0000-000000000143','erwan.legoff@gmail.com','Erwan','Le Goff','Suisse','Genève','France','rennes','player'),
  ('00000000-0000-0000-0000-000000000144','gaetan.marchand@gmail.com','Gaëtan','Marchand','Suisse','Bernex','France','nantes','player'),
  ('00000000-0000-0000-0000-000000000145','killian.caron@gmail.com','Killian','Caron','Suisse','Onex','France','lille','player'),
  ('00000000-0000-0000-0000-000000000146','david.silva@gmail.com','David','Silva','Suisse','Vernier','Portugal','benfica','player'),
  ('00000000-0000-0000-0000-000000000147','ricardo.ferreira@gmail.com','Ricardo','Ferreira','Suisse','Carouge','Portugal','porto','player'),
  ('00000000-0000-0000-0000-000000000148','paulo.oliveira@gmail.com','Paulo','Oliveira','Suisse','Genève','Portugal','benfica','player'),
  ('00000000-0000-0000-0000-000000000149','bruno.santos@gmail.com','Bruno','Santos','Suisse','Meyrin','Portugal','sporting','player'),
  ('00000000-0000-0000-0000-000000000150','tiago.mendes@gmail.com','Tiago','Mendes','Suisse','Lancy','Portugal','benfica','player'),
  ('00000000-0000-0000-0000-000000000151','filipe.costa@gmail.com','Filipe','Costa','Suisse','Vernier','Portugal','porto','player'),
  ('00000000-0000-0000-0000-000000000152','andre.rodrigues@gmail.com','André','Rodrigues','Suisse','Genève','Portugal','sporting','player'),
  ('00000000-0000-0000-0000-000000000153','nuno.pereira@gmail.com','Nuno','Pereira','Suisse','Onex','Portugal','benfica','player'),
  ('00000000-0000-0000-0000-000000000154','diogo.almeida@gmail.com','Diogo','Almeida','Suisse','Carouge','Portugal','porto','player'),
  ('00000000-0000-0000-0000-000000000155','rui.sousa@gmail.com','Rui','Sousa','Suisse','Meyrin','Portugal',NULL,'player'),
  ('00000000-0000-0000-0000-000000000156','goncalo.martins@gmail.com','Gonçalo','Martins','Suisse','Lancy','Portugal','benfica','player'),
  ('00000000-0000-0000-0000-000000000157','pedro.correia@gmail.com','Pedro','Correia','Suisse','Genève','Portugal','sporting','player'),
  ('00000000-0000-0000-0000-000000000158','carlos.fernandes@gmail.com','Carlos','Fernandes','Suisse','Vernier','Portugal','porto','player'),
  ('00000000-0000-0000-0000-000000000159','fabio.lopes@gmail.com','Fábio','Lopes','Suisse','Thônex','Portugal','benfica','player'),
  ('00000000-0000-0000-0000-000000000160','hugo.carvalho@gmail.com','Hugo','Carvalho','Suisse','Bernex','Portugal','porto','player'),
  ('00000000-0000-0000-0000-000000000161','mehdi.hadj@gmail.com','Mehdi','Hadj','Suisse','Lancy','Algérie','real-madrid','player'),
  ('00000000-0000-0000-0000-000000000162','samir.toumi@gmail.com','Samir','Toumi','Suisse','Carouge','Tunisie','esperance','player'),
  ('00000000-0000-0000-0000-000000000163','amine.bouzidi@gmail.com','Amine','Bouzidi','Suisse','Meyrin','Maroc','barcelona','player'),
  ('00000000-0000-0000-0000-000000000164','youssef.amrani@gmail.com','Youssef','Amrani','Suisse','Genève','Maroc','real-madrid','player'),
  ('00000000-0000-0000-0000-000000000165','kamel.boukhris@gmail.com','Kamel','Boukhris','Suisse','Vernier','Algérie','mc-alger','player'),
  ('00000000-0000-0000-0000-000000000166','reda.elidrissi@gmail.com','Reda','El Idrissi','Suisse','Onex','Maroc','raja-casablanca','player'),
  ('00000000-0000-0000-0000-000000000167','bilal.mansouri@gmail.com','Bilal','Mansouri','Suisse','Lancy','Algérie','psg','player'),
  ('00000000-0000-0000-0000-000000000168','walid.belhaj@gmail.com','Walid','Belhaj','Suisse','Genève','Tunisie','esperance','player'),
  ('00000000-0000-0000-0000-000000000169','sofiane.khelifi@gmail.com','Sofiane','Khelifi','Suisse','Meyrin','Algérie','js-kabylie','player'),
  ('00000000-0000-0000-0000-000000000170','nabil.chakir@gmail.com','Nabil','Chakir','Suisse','Carouge','Maroc','wydad-casablanca','player'),
  ('00000000-0000-0000-0000-000000000171','tarek.sassi@gmail.com','Tarek','Sassi','Suisse','Vernier','Tunisie','esperance','player'),
  ('00000000-0000-0000-0000-000000000172','hamza.zerhouni@gmail.com','Hamza','Zerhouni','Suisse','Genève','Maroc','barcelona','player'),
  ('00000000-0000-0000-0000-000000000173','ismael.benmoussa@gmail.com','Ismaël','Benmoussa','Suisse','Lancy','Algérie','real-madrid','player'),
  ('00000000-0000-0000-0000-000000000174','rachid.boukhatem@gmail.com','Rachid','Boukhatem','Suisse','Onex','Algérie','mc-alger','player'),
  ('00000000-0000-0000-0000-000000000175','anis.trabelsi@gmail.com','Anis','Trabelsi','Suisse','Meyrin','Tunisie','esperance','player'),
  ('00000000-0000-0000-0000-000000000176','omar.diallo@gmail.com','Omar','Diallo','Suisse','Vernier','Sénégal','psg','player'),
  ('00000000-0000-0000-0000-000000000177','moussa.camara@gmail.com','Moussa','Camara','Suisse','Genève','Guinée','marseille','player'),
  ('00000000-0000-0000-0000-000000000178','ibrahima.ndiaye@gmail.com','Ibrahima','Ndiaye','Suisse','Onex','Sénégal','liverpool','player'),
  ('00000000-0000-0000-0000-000000000179','jean.mbemba@gmail.com','Jean-Pierre','Mbemba','Suisse','Meyrin','RD Congo','psg','player'),
  ('00000000-0000-0000-0000-000000000180','sekou.kone@gmail.com','Sékou','Koné','Suisse','Lancy','Côte d''Ivoire','marseille','player'),
  ('00000000-0000-0000-0000-000000000181','patrick.ndayisaba@gmail.com','Patrick','Ndayisaba','Suisse','Carouge','Burundi',NULL,'player'),
  ('00000000-0000-0000-0000-000000000182','emmanuel.kouassi@gmail.com','Emmanuel','Kouassi','Suisse','Genève','Côte d''Ivoire','arsenal','player'),
  ('00000000-0000-0000-0000-000000000183','amadou.toure@gmail.com','Amadou','Touré','Suisse','Vernier','Mali','psg','player'),
  ('00000000-0000-0000-0000-000000000184','samuel.nguegang@gmail.com','Samuel','Nguegang','Suisse','Meyrin','Cameroun','barcelona','player'),
  ('00000000-0000-0000-0000-000000000185','abdoulaye.bah@gmail.com','Abdoulaye','Bah','Suisse','Onex','Guinée','marseille','player'),
  ('00000000-0000-0000-0000-000000000186','emir.kadic@gmail.com','Emir','Kadic','Suisse','Meyrin','Bosnie-Herzégovine',NULL,'player'),
  ('00000000-0000-0000-0000-000000000187','ivan.petrovic@gmail.com','Ivan','Petrovic','Suisse','Onex','Serbie','inter-milan','player'),
  ('00000000-0000-0000-0000-000000000188','driton.berisha@gmail.com','Driton','Berisha','Suisse','Vernier','Kosovo','real-madrid','player'),
  ('00000000-0000-0000-0000-000000000189','arben.gashi@gmail.com','Arben','Gashi','Suisse','Genève','Albanie','juventus','player'),
  ('00000000-0000-0000-0000-000000000190','luan.krasniqi@gmail.com','Luan','Krasniqi','Suisse','Carouge','Kosovo','manchester-city','player'),
  ('00000000-0000-0000-0000-000000000191','mirko.jovanovic@gmail.com','Mirko','Jovanovic','Suisse','Meyrin','Serbie','bayern-munich','player'),
  ('00000000-0000-0000-0000-000000000192','blerim.shala@gmail.com','Blerim','Shala','Suisse','Lancy','Kosovo','psg','player'),
  ('00000000-0000-0000-0000-000000000193','stefan.markovic@gmail.com','Stefan','Markovic','Suisse','Genève','Serbie','inter-milan','player'),
  ('00000000-0000-0000-0000-000000000194','marco.rossi@gmail.com','Marco','Rossi','Suisse','Genève','Italie','juventus','player'),
  ('00000000-0000-0000-0000-000000000195','lorenzo.bianchi@gmail.com','Lorenzo','Bianchi','Suisse','Carouge','Italie','inter-milan','player'),
  ('00000000-0000-0000-0000-000000000196','andrea.romano@gmail.com','Andrea','Romano','Suisse','Lancy','Italie','ac-milan','player'),
  ('00000000-0000-0000-0000-000000000197','alejandro.garcía@gmail.com','Alejandro','García','Suisse','Genève','Espagne','real-madrid','player'),
  ('00000000-0000-0000-0000-000000000198','diego.fernandez@gmail.com','Diego','Fernández','Suisse','Vernier','Espagne','atletico-madrid','player'),
  ('00000000-0000-0000-0000-000000000199','liam.nguyen@gmail.com','Liam','Nguyen','Suisse','Genève','Vietnam','arsenal','player'),
  ('00000000-0000-0000-0000-000000000200','kevin.fernandes@gmail.com','Kevin','Fernandes','Suisse','Carouge','Brésil',NULL,'player')
ON CONFLICT (id) DO NOTHING;

-- =====================================================
-- OPERATORS
-- =====================================================

INSERT INTO operators (id, profile_id, bio, rating, total_matches, stripe_onboarded) VALUES
  ('00000000-0000-0000-0002-000000000001','00000000-0000-0000-0000-000000000002',
   'Organisateur de matchs à Genève depuis 5 ans. Ancien joueur du FC Servette Juniors.',4.60,0,true),
  ('00000000-0000-0000-0002-000000000002','00000000-0000-0000-0000-000000000003',
   'Passionnée de football, j''organise des matchs mixtes et amicaux dans la région de Carouge et Lancy.',4.30,0,true)
ON CONFLICT (id) DO NOTHING;

-- =====================================================
-- OPERATOR APPLICATIONS (approved)
-- =====================================================

INSERT INTO operator_applications (profile_id, status, phone, city, years_experience, description, terms_accepted, reviewed_by, reviewed_at) VALUES
  ('00000000-0000-0000-0000-000000000002','approved','+41 79 123 45 67','Genève',5,
   'Ancien joueur semi-pro, je souhaite organiser des matchs réguliers pour la communauté genevoise.',
   true,'00000000-0000-0000-0000-000000000001',now()-interval '58 days'),
  ('00000000-0000-0000-0000-000000000003','approved','+41 78 987 65 43','Carouge',3,
   'Educatrice sportive diplômée, je veux rendre le football accessible à tous dans le canton.',
   true,'00000000-0000-0000-0000-000000000001',now()-interval '43 days')
ON CONFLICT ON CONSTRAINT unique_operator_application DO NOTHING;

-- =====================================================
-- SUBSCRIPTIONS (90 active, 10 canceled)
-- =====================================================

INSERT INTO subscriptions (player_id, status, current_period_start, current_period_end) VALUES
  ('00000000-0000-0000-0000-000000000101','active',now()-interval '9 days',now()+interval '21 days'),
  ('00000000-0000-0000-0000-000000000102','active',now()-interval '24 days',now()+interval '6 days'),
  ('00000000-0000-0000-0000-000000000103','active',now()-interval '11 days',now()+interval '19 days'),
  ('00000000-0000-0000-0000-000000000104','active',now()-interval '25 days',now()+interval '5 days'),
  ('00000000-0000-0000-0000-000000000105','active',now()-interval '24 days',now()+interval '6 days'),
  ('00000000-0000-0000-0000-000000000106','active',now()-interval '23 days',now()+interval '7 days'),
  ('00000000-0000-0000-0000-000000000107','active',now()-interval '5 days',now()+interval '25 days'),
  ('00000000-0000-0000-0000-000000000108','active',now()-interval '22 days',now()+interval '8 days'),
  ('00000000-0000-0000-0000-000000000109','active',now()-interval '23 days',now()+interval '7 days'),
  ('00000000-0000-0000-0000-000000000110','active',now()-interval '8 days',now()+interval '22 days'),
  ('00000000-0000-0000-0000-000000000111','active',now()-interval '20 days',now()+interval '10 days'),
  ('00000000-0000-0000-0000-000000000112','active',now()-interval '10 days',now()+interval '20 days'),
  ('00000000-0000-0000-0000-000000000113','active',now()-interval '8 days',now()+interval '22 days'),
  ('00000000-0000-0000-0000-000000000114','active',now()-interval '17 days',now()+interval '13 days'),
  ('00000000-0000-0000-0000-000000000115','active',now()-interval '15 days',now()+interval '15 days'),
  ('00000000-0000-0000-0000-000000000116','active',now()-interval '11 days',now()+interval '19 days'),
  ('00000000-0000-0000-0000-000000000117','active',now()-interval '23 days',now()+interval '7 days'),
  ('00000000-0000-0000-0000-000000000118','active',now()-interval '25 days',now()+interval '5 days'),
  ('00000000-0000-0000-0000-000000000119','active',now()-interval '20 days',now()+interval '10 days'),
  ('00000000-0000-0000-0000-000000000120','active',now()-interval '10 days',now()+interval '20 days'),
  ('00000000-0000-0000-0000-000000000121','active',now()-interval '24 days',now()+interval '6 days'),
  ('00000000-0000-0000-0000-000000000122','active',now()-interval '13 days',now()+interval '17 days'),
  ('00000000-0000-0000-0000-000000000123','active',now()-interval '4 days',now()+interval '26 days'),
  ('00000000-0000-0000-0000-000000000124','active',now()-interval '10 days',now()+interval '20 days'),
  ('00000000-0000-0000-0000-000000000125','active',now()-interval '4 days',now()+interval '26 days'),
  ('00000000-0000-0000-0000-000000000126','active',now()-interval '13 days',now()+interval '17 days'),
  ('00000000-0000-0000-0000-000000000127','active',now()-interval '15 days',now()+interval '15 days'),
  ('00000000-0000-0000-0000-000000000128','active',now()-interval '11 days',now()+interval '19 days'),
  ('00000000-0000-0000-0000-000000000129','active',now()-interval '5 days',now()+interval '25 days'),
  ('00000000-0000-0000-0000-000000000130','active',now()-interval '9 days',now()+interval '21 days'),
  ('00000000-0000-0000-0000-000000000131','active',now()-interval '21 days',now()+interval '9 days'),
  ('00000000-0000-0000-0000-000000000132','active',now()-interval '25 days',now()+interval '5 days'),
  ('00000000-0000-0000-0000-000000000133','active',now()-interval '13 days',now()+interval '17 days'),
  ('00000000-0000-0000-0000-000000000134','active',now()-interval '9 days',now()+interval '21 days'),
  ('00000000-0000-0000-0000-000000000135','active',now()-interval '23 days',now()+interval '7 days'),
  ('00000000-0000-0000-0000-000000000136','active',now()-interval '18 days',now()+interval '12 days'),
  ('00000000-0000-0000-0000-000000000137','active',now()-interval '15 days',now()+interval '15 days'),
  ('00000000-0000-0000-0000-000000000138','active',now()-interval '23 days',now()+interval '7 days'),
  ('00000000-0000-0000-0000-000000000139','active',now()-interval '17 days',now()+interval '13 days'),
  ('00000000-0000-0000-0000-000000000140','active',now()-interval '7 days',now()+interval '23 days'),
  ('00000000-0000-0000-0000-000000000141','active',now()-interval '11 days',now()+interval '19 days'),
  ('00000000-0000-0000-0000-000000000142','active',now()-interval '7 days',now()+interval '23 days'),
  ('00000000-0000-0000-0000-000000000143','active',now()-interval '10 days',now()+interval '20 days'),
  ('00000000-0000-0000-0000-000000000144','active',now()-interval '20 days',now()+interval '10 days'),
  ('00000000-0000-0000-0000-000000000145','active',now()-interval '20 days',now()+interval '10 days'),
  ('00000000-0000-0000-0000-000000000146','active',now()-interval '11 days',now()+interval '19 days'),
  ('00000000-0000-0000-0000-000000000147','active',now()-interval '21 days',now()+interval '9 days'),
  ('00000000-0000-0000-0000-000000000148','active',now()-interval '16 days',now()+interval '14 days'),
  ('00000000-0000-0000-0000-000000000149','active',now()-interval '21 days',now()+interval '9 days'),
  ('00000000-0000-0000-0000-000000000150','active',now()-interval '15 days',now()+interval '15 days'),
  ('00000000-0000-0000-0000-000000000151','active',now()-interval '14 days',now()+interval '16 days'),
  ('00000000-0000-0000-0000-000000000152','active',now()-interval '10 days',now()+interval '20 days'),
  ('00000000-0000-0000-0000-000000000153','active',now()-interval '7 days',now()+interval '23 days'),
  ('00000000-0000-0000-0000-000000000154','active',now()-interval '19 days',now()+interval '11 days'),
  ('00000000-0000-0000-0000-000000000155','active',now()-interval '18 days',now()+interval '12 days'),
  ('00000000-0000-0000-0000-000000000156','active',now()-interval '5 days',now()+interval '25 days'),
  ('00000000-0000-0000-0000-000000000157','active',now()-interval '4 days',now()+interval '26 days'),
  ('00000000-0000-0000-0000-000000000158','active',now()-interval '6 days',now()+interval '24 days'),
  ('00000000-0000-0000-0000-000000000159','active',now()-interval '7 days',now()+interval '23 days'),
  ('00000000-0000-0000-0000-000000000160','active',now()-interval '23 days',now()+interval '7 days'),
  ('00000000-0000-0000-0000-000000000161','active',now()-interval '8 days',now()+interval '22 days'),
  ('00000000-0000-0000-0000-000000000162','active',now()-interval '24 days',now()+interval '6 days'),
  ('00000000-0000-0000-0000-000000000163','active',now()-interval '16 days',now()+interval '14 days'),
  ('00000000-0000-0000-0000-000000000164','active',now()-interval '22 days',now()+interval '8 days'),
  ('00000000-0000-0000-0000-000000000165','active',now()-interval '5 days',now()+interval '25 days'),
  ('00000000-0000-0000-0000-000000000166','active',now()-interval '15 days',now()+interval '15 days'),
  ('00000000-0000-0000-0000-000000000167','active',now()-interval '15 days',now()+interval '15 days'),
  ('00000000-0000-0000-0000-000000000168','active',now()-interval '22 days',now()+interval '8 days'),
  ('00000000-0000-0000-0000-000000000169','active',now()-interval '17 days',now()+interval '13 days'),
  ('00000000-0000-0000-0000-000000000170','active',now()-interval '19 days',now()+interval '11 days'),
  ('00000000-0000-0000-0000-000000000171','active',now()-interval '11 days',now()+interval '19 days'),
  ('00000000-0000-0000-0000-000000000172','active',now()-interval '20 days',now()+interval '10 days'),
  ('00000000-0000-0000-0000-000000000173','active',now()-interval '3 days',now()+interval '27 days'),
  ('00000000-0000-0000-0000-000000000174','active',now()-interval '24 days',now()+interval '6 days'),
  ('00000000-0000-0000-0000-000000000175','active',now()-interval '6 days',now()+interval '24 days'),
  ('00000000-0000-0000-0000-000000000176','active',now()-interval '24 days',now()+interval '6 days'),
  ('00000000-0000-0000-0000-000000000177','active',now()-interval '20 days',now()+interval '10 days'),
  ('00000000-0000-0000-0000-000000000178','active',now()-interval '11 days',now()+interval '19 days'),
  ('00000000-0000-0000-0000-000000000179','active',now()-interval '23 days',now()+interval '7 days'),
  ('00000000-0000-0000-0000-000000000180','active',now()-interval '13 days',now()+interval '17 days'),
  ('00000000-0000-0000-0000-000000000181','active',now()-interval '6 days',now()+interval '24 days'),
  ('00000000-0000-0000-0000-000000000182','active',now()-interval '12 days',now()+interval '18 days'),
  ('00000000-0000-0000-0000-000000000183','active',now()-interval '16 days',now()+interval '14 days'),
  ('00000000-0000-0000-0000-000000000184','active',now()-interval '8 days',now()+interval '22 days'),
  ('00000000-0000-0000-0000-000000000185','active',now()-interval '17 days',now()+interval '13 days'),
  ('00000000-0000-0000-0000-000000000186','active',now()-interval '3 days',now()+interval '27 days'),
  ('00000000-0000-0000-0000-000000000187','active',now()-interval '11 days',now()+interval '19 days'),
  ('00000000-0000-0000-0000-000000000188','active',now()-interval '19 days',now()+interval '11 days'),
  ('00000000-0000-0000-0000-000000000189','active',now()-interval '8 days',now()+interval '22 days'),
  ('00000000-0000-0000-0000-000000000190','active',now()-interval '19 days',now()+interval '11 days'),
  ('00000000-0000-0000-0000-000000000191','canceled',now()-interval '35 days',now()-interval '5 days'),
  ('00000000-0000-0000-0000-000000000192','canceled',now()-interval '35 days',now()-interval '5 days'),
  ('00000000-0000-0000-0000-000000000193','canceled',now()-interval '35 days',now()-interval '5 days'),
  ('00000000-0000-0000-0000-000000000194','canceled',now()-interval '35 days',now()-interval '5 days'),
  ('00000000-0000-0000-0000-000000000195','canceled',now()-interval '35 days',now()-interval '5 days'),
  ('00000000-0000-0000-0000-000000000196','canceled',now()-interval '35 days',now()-interval '5 days'),
  ('00000000-0000-0000-0000-000000000197','canceled',now()-interval '35 days',now()-interval '5 days'),
  ('00000000-0000-0000-0000-000000000198','canceled',now()-interval '35 days',now()-interval '5 days'),
  ('00000000-0000-0000-0000-000000000199','canceled',now()-interval '35 days',now()-interval '5 days'),
  ('00000000-0000-0000-0000-000000000200','canceled',now()-interval '35 days',now()-interval '5 days')
ON CONFLICT ON CONSTRAINT unique_player_subscription DO NOTHING;

-- =====================================================
-- MATCHES (55 total)
-- =====================================================

INSERT INTO matches (id, operator_id, title, terrain_type, date, start_time, duration_minutes, venue_name, venue_address, city, lat, lng, capacity, status, description) VALUES
  ('00000000-0000-0000-0001-000000000001','00000000-0000-0000-0002-000000000002',
   '5v5 Vernier','covered',CURRENT_DATE-interval '30 days','17:00',60,
   'Centre sportif de Balexert','Avenue Louis-Casaï 52','Vernier',46.218,6.116,10,'upcoming',
   'Match en soirée, tous niveaux bienvenus. On fait les équipes sur place.'),
  ('00000000-0000-0000-0001-000000000002','00000000-0000-0000-0002-000000000001',
   '5v5 Petit-Lancy','outdoor',CURRENT_DATE-interval '30 days','15:00',60,
   'Stade du Bois-de-la-Bâtie','Chemin de la Bâtie 4','Petit-Lancy',46.195,6.129,10,'upcoming',
   'Terrain couvert, on joue même sous la pluie. Places limitées.'),
  ('00000000-0000-0000-0001-000000000003','00000000-0000-0000-0002-000000000001',
   '7v7 Cologny','outdoor',CURRENT_DATE-interval '29 days','21:00',90,
   'Stade de Frontenex','Plateau de Frontenex 8','Cologny',46.207,6.175,14,'upcoming',
   'Match du dimanche matin, parfait pour bien commencer la semaine !'),
  ('00000000-0000-0000-0001-000000000004','00000000-0000-0000-0002-000000000002',
   '5v5 Genève','outdoor',CURRENT_DATE-interval '28 days','20:00',60,
   'Terrain du Parc Bertrand','Avenue Bertrand 2','Genève',46.199,6.155,10,'upcoming',
   'Terrain couvert, on joue même sous la pluie. Places limitées.'),
  ('00000000-0000-0000-0001-000000000005','00000000-0000-0000-0002-000000000001',
   '7v7 Genève','outdoor',CURRENT_DATE-interval '27 days','19:00',90,
   'Centre sportif du Bout-du-Monde','Route de Vessy 12','Genève',46.187,6.152,14,'upcoming',
   'Petit match rapide après le boulot. Bonne ambiance garantie !'),
  ('00000000-0000-0000-0001-000000000006','00000000-0000-0000-0002-000000000001',
   '6v6 Les Acacias Indoor','indoor',CURRENT_DATE-interval '27 days','21:00',90,
   'Centre sportif de la Queue-d''Arve','Rue François-Dussaud 12','Les Acacias',46.1963,6.1313,12,'upcoming',
   'Soirée foot entre potes, niveau intermédiaire. RDV 15 min avant.'),
  ('00000000-0000-0000-0001-000000000007','00000000-0000-0000-0002-000000000002',
   '7v7 Genève Indoor','indoor',CURRENT_DATE-interval '26 days','21:00',90,
   'Salle de sport de Champel','Chemin de Beau-Soleil 20','Genève',46.192,6.147,14,'upcoming',
   'Match afterwork sur synthétique. Venez avec des crampons moulés ou chaussures lisses.'),
  ('00000000-0000-0000-0001-000000000008','00000000-0000-0000-0002-000000000002',
   '7v7 Cologny','outdoor',CURRENT_DATE-interval '25 days','19:30',90,
   'Stade de Frontenex','Plateau de Frontenex 8','Cologny',46.207,6.175,14,'upcoming',
   'Match mixte, tous les niveaux. L''important c''est de s''amuser !'),
  ('00000000-0000-0000-0001-000000000009','00000000-0000-0000-0002-000000000001',
   '7v7 Vernier','covered',CURRENT_DATE-interval '25 days','20:00',90,
   'Centre sportif de Balexert','Avenue Louis-Casaï 52','Vernier',46.218,6.116,14,'upcoming',
   'Match du weekend, ambiance détendue. Venez comme vous êtes !'),
  ('00000000-0000-0000-0001-000000000010','00000000-0000-0000-0002-000000000002',
   '7v7 Carouge','outdoor',CURRENT_DATE-interval '24 days','16:00',90,
   'Stade de la Fontenette','Rue de la Fontenette 55','Carouge',46.183,6.137,14,'upcoming',
   'Match indoor, chaussures de salle obligatoires. Vestiaires disponibles.'),
  ('00000000-0000-0000-0001-000000000011','00000000-0000-0000-0002-000000000002',
   '7v7 Vernier','covered',CURRENT_DATE-interval '24 days','10:00',90,
   'Centre sportif de Balexert','Avenue Louis-Casaï 52','Vernier',46.218,6.116,14,'upcoming',
   'Soirée foot entre potes, niveau intermédiaire. RDV 15 min avant.'),
  ('00000000-0000-0000-0001-000000000012','00000000-0000-0000-0002-000000000001',
   '5v5 Genève','outdoor',CURRENT_DATE-interval '23 days','15:00',60,
   'Centre sportif du Bout-du-Monde','Route de Vessy 12','Genève',46.187,6.152,10,'upcoming',
   'Petit match rapide après le boulot. Bonne ambiance garantie !'),
  ('00000000-0000-0000-0001-000000000013','00000000-0000-0000-0002-000000000001',
   '7v7 Genève','outdoor',CURRENT_DATE-interval '23 days','17:00',90,
   'Terrain du Parc Bertrand','Avenue Bertrand 2','Genève',46.199,6.155,14,'upcoming',
   'Terrain éclairé, on joue beau temps mauvais temps. Chasubles fournies.'),
  ('00000000-0000-0000-0001-000000000014','00000000-0000-0000-0002-000000000001',
   '7v7 Veyrier','outdoor',CURRENT_DATE-interval '22 days','19:30',90,
   'Centre sportif de Vessy','Route de Vessy 43','Veyrier',46.174,6.164,14,'upcoming',
   'Petit match rapide après le boulot. Bonne ambiance garantie !'),
  ('00000000-0000-0000-0001-000000000015','00000000-0000-0000-0002-000000000002',
   '5v5 Veyrier','outdoor',CURRENT_DATE-interval '22 days','19:00',60,
   'Centre sportif de Vessy','Route de Vessy 43','Veyrier',46.174,6.164,10,'upcoming',
   'Match afterwork sur synthétique. Venez avec des crampons moulés ou chaussures lisses.'),
  ('00000000-0000-0000-0001-000000000016','00000000-0000-0000-0002-000000000002',
   '7v7 Grand-Saconnex','outdoor',CURRENT_DATE-interval '21 days','19:30',90,
   'Stade du Grand-Saconnex','Route de Ferney 160','Grand-Saconnex',46.233,6.124,14,'upcoming',
   'Grand terrain gazon naturel, parking dispo. Douches ouvertes.'),
  ('00000000-0000-0000-0001-000000000017','00000000-0000-0000-0002-000000000002',
   '7v7 Les Acacias Indoor','indoor',CURRENT_DATE-interval '20 days','19:30',90,
   'Centre sportif de la Queue-d''Arve','Rue François-Dussaud 12','Les Acacias',46.1963,6.1313,14,'upcoming',
   'Match du weekend, ambiance détendue. Venez comme vous êtes !'),
  ('00000000-0000-0000-0001-000000000018','00000000-0000-0000-0002-000000000001',
   '6v6 Meyrin','outdoor',CURRENT_DATE-interval '19 days','19:00',90,
   'Stade de Vaudagne','Avenue de Vaudagne 24','Meyrin',46.234,6.082,12,'upcoming',
   'Terrain couvert, on joue même sous la pluie. Places limitées.'),
  ('00000000-0000-0000-0001-000000000019','00000000-0000-0000-0002-000000000002',
   '6v6 Carouge','outdoor',CURRENT_DATE-interval '18 days','20:30',90,
   'Stade de la Fontenette','Rue de la Fontenette 55','Carouge',46.183,6.137,12,'upcoming',
   'Terrain couvert, on joue même sous la pluie. Places limitées.'),
  ('00000000-0000-0000-0001-000000000020','00000000-0000-0000-0002-000000000001',
   '7v7 Onex','outdoor',CURRENT_DATE-interval '18 days','19:00',90,
   'Centre sportif des Evaux','Chemin François-Chavaz 110','Onex',46.185,6.101,14,'upcoming',
   'Session foot intense, on vient pour transpirer. Eau recommandée.'),
  ('00000000-0000-0000-0001-000000000021','00000000-0000-0000-0002-000000000002',
   '6v6 Genève','outdoor',CURRENT_DATE-interval '17 days','10:00',90,
   'Terrain du Parc Bertrand','Avenue Bertrand 2','Genève',46.199,6.155,12,'upcoming',
   'Match mixte, tous les niveaux. L''important c''est de s''amuser !'),
  ('00000000-0000-0000-0001-000000000022','00000000-0000-0000-0002-000000000001',
   '5v5 Genève','outdoor',CURRENT_DATE-interval '17 days','17:00',60,
   'Centre sportif du Bout-du-Monde','Route de Vessy 12','Genève',46.187,6.152,10,'upcoming',
   'Match afterwork sur synthétique. Venez avec des crampons moulés ou chaussures lisses.'),
  ('00000000-0000-0000-0001-000000000023','00000000-0000-0000-0002-000000000002',
   '5v5 Onex','outdoor',CURRENT_DATE-interval '16 days','14:00',60,
   'Centre sportif des Evaux','Chemin François-Chavaz 110','Onex',46.185,6.101,10,'upcoming',
   'Terrain couvert, on joue même sous la pluie. Places limitées.'),
  ('00000000-0000-0000-0001-000000000024','00000000-0000-0000-0002-000000000001',
   '6v6 Grand-Saconnex','outdoor',CURRENT_DATE-interval '16 days','10:00',90,
   'Stade du Grand-Saconnex','Route de Ferney 160','Grand-Saconnex',46.233,6.124,12,'upcoming',
   'Match du weekend, ambiance détendue. Venez comme vous êtes !'),
  ('00000000-0000-0000-0001-000000000025','00000000-0000-0000-0002-000000000001',
   '7v7 Plan-les-Ouates','outdoor',CURRENT_DATE-interval '15 days','19:00',90,
   'Stade des Cherpines','Route des Cherpines 38','Plan-les-Ouates',46.172,6.105,14,'upcoming',
   'Match compétitif, niveau D2-D3 minimum. Fair-play obligatoire.'),
  ('00000000-0000-0000-0001-000000000026','00000000-0000-0000-0002-000000000001',
   '5v5 Cologny','outdoor',CURRENT_DATE-interval '14 days','19:30',60,
   'Stade de Frontenex','Plateau de Frontenex 8','Cologny',46.207,6.175,10,'upcoming',
   'Terrain synthétique dernière génération. Ambiance conviviale.'),
  ('00000000-0000-0000-0001-000000000027','00000000-0000-0000-0002-000000000001',
   '6v6 Onex','outdoor',CURRENT_DATE-interval '13 days','20:30',90,
   'Centre sportif des Evaux','Chemin François-Chavaz 110','Onex',46.185,6.101,12,'upcoming',
   'Match compétitif, niveau D2-D3 minimum. Fair-play obligatoire.'),
  ('00000000-0000-0000-0001-000000000028','00000000-0000-0000-0002-000000000001',
   '5v5 Vernier','covered',CURRENT_DATE-interval '13 days','20:30',60,
   'Centre sportif de Balexert','Avenue Louis-Casaï 52','Vernier',46.218,6.116,10,'upcoming',
   'Terrain synthétique dernière génération. Ambiance conviviale.'),
  ('00000000-0000-0000-0001-000000000029','00000000-0000-0000-0002-000000000002',
   '6v6 Carouge','outdoor',CURRENT_DATE-interval '12 days','20:00',90,
   'Stade de la Fontenette','Rue de la Fontenette 55','Carouge',46.183,6.137,12,'upcoming',
   'Match en soirée, tous niveaux bienvenus. On fait les équipes sur place.'),
  ('00000000-0000-0000-0001-000000000030','00000000-0000-0000-0002-000000000002',
   '7v7 Carouge','outdoor',CURRENT_DATE-interval '12 days','19:30',90,
   'Stade de la Fontenette','Rue de la Fontenette 55','Carouge',46.183,6.137,14,'upcoming',
   'Match du weekend, ambiance détendue. Venez comme vous êtes !'),
  ('00000000-0000-0000-0001-000000000031','00000000-0000-0000-0002-000000000001',
   '5v5 Genève','outdoor',CURRENT_DATE-interval '11 days','20:00',60,
   'Centre sportif du Bout-du-Monde','Route de Vessy 12','Genève',46.187,6.152,10,'upcoming',
   'Session foot intense, on vient pour transpirer. Eau recommandée.'),
  ('00000000-0000-0000-0001-000000000032','00000000-0000-0000-0002-000000000002',
   '5v5 Genève','outdoor',CURRENT_DATE-interval '11 days','21:00',60,
   'Terrain du Parc Bertrand','Avenue Bertrand 2','Genève',46.199,6.155,10,'upcoming',
   'Soirée foot entre potes, niveau intermédiaire. RDV 15 min avant.'),
  ('00000000-0000-0000-0001-000000000033','00000000-0000-0000-0002-000000000001',
   '7v7 Vernier','covered',CURRENT_DATE-interval '10 days','10:00',90,
   'Centre sportif de Balexert','Avenue Louis-Casaï 52','Vernier',46.218,6.116,14,'upcoming',
   'Terrain couvert, on joue même sous la pluie. Places limitées.'),
  ('00000000-0000-0000-0001-000000000034','00000000-0000-0000-0002-000000000001',
   '5v5 Cologny','outdoor',CURRENT_DATE-interval '10 days','10:00',60,
   'Stade de Frontenex','Plateau de Frontenex 8','Cologny',46.207,6.175,10,'upcoming',
   'Match mixte, tous les niveaux. L''important c''est de s''amuser !'),
  ('00000000-0000-0000-0001-000000000035','00000000-0000-0000-0002-000000000001',
   '5v5 Petit-Lancy','outdoor',CURRENT_DATE-interval '9 days','16:00',60,
   'Stade du Bois-de-la-Bâtie','Chemin de la Bâtie 4','Petit-Lancy',46.195,6.129,10,'upcoming',
   'Terrain éclairé, on joue beau temps mauvais temps. Chasubles fournies.'),
  ('00000000-0000-0000-0001-000000000036','00000000-0000-0000-0002-000000000001',
   '7v7 Veyrier','outdoor',CURRENT_DATE-interval '9 days','17:00',90,
   'Centre sportif de Vessy','Route de Vessy 43','Veyrier',46.174,6.164,14,'upcoming',
   'Match indoor, chaussures de salle obligatoires. Vestiaires disponibles.'),
  ('00000000-0000-0000-0001-000000000037','00000000-0000-0000-0002-000000000002',
   '5v5 Petit-Lancy','outdoor',CURRENT_DATE-interval '8 days','21:00',60,
   'Stade du Bois-de-la-Bâtie','Chemin de la Bâtie 4','Petit-Lancy',46.195,6.129,10,'upcoming',
   'Match du dimanche matin, parfait pour bien commencer la semaine !'),
  ('00000000-0000-0000-0001-000000000038','00000000-0000-0000-0002-000000000001',
   '6v6 Genève','outdoor',CURRENT_DATE-interval '7 days','20:00',90,
   'Stade de Varembé','Rue de Vermont 33','Genève',46.224,6.138,12,'upcoming',
   'Petit match rapide après le boulot. Bonne ambiance garantie !'),
  ('00000000-0000-0000-0001-000000000039','00000000-0000-0000-0002-000000000002',
   '5v5 Carouge','outdoor',CURRENT_DATE-interval '6 days','20:30',60,
   'Stade de la Fontenette','Rue de la Fontenette 55','Carouge',46.183,6.137,10,'upcoming',
   'Terrain couvert, on joue même sous la pluie. Places limitées.'),
  ('00000000-0000-0000-0001-000000000040','00000000-0000-0000-0002-000000000001',
   '5v5 Genève','outdoor',CURRENT_DATE-interval '6 days','20:30',60,
   'Stade de Varembé','Rue de Vermont 33','Genève',46.224,6.138,10,'upcoming',
   'Terrain couvert, on joue même sous la pluie. Places limitées.'),
  ('00000000-0000-0000-0001-000000000041','00000000-0000-0000-0002-000000000001',
   '5v5 Petit-Lancy','outdoor',CURRENT_DATE-interval '5 days','21:00',60,
   'Stade du Bois-de-la-Bâtie','Chemin de la Bâtie 4','Petit-Lancy',46.195,6.129,10,'upcoming',
   'Match compétitif, niveau D2-D3 minimum. Fair-play obligatoire.'),
  ('00000000-0000-0000-0001-000000000042','00000000-0000-0000-0002-000000000002',
   '5v5 Grand-Saconnex','outdoor',CURRENT_DATE-interval '4 days','19:00',60,
   'Stade du Grand-Saconnex','Route de Ferney 160','Grand-Saconnex',46.233,6.124,10,'upcoming',
   'Match mixte, tous les niveaux. L''important c''est de s''amuser !'),
  ('00000000-0000-0000-0001-000000000043','00000000-0000-0000-0002-000000000002',
   '5v5 Vernier','covered',CURRENT_DATE-interval '4 days','20:00',60,
   'Centre sportif de Balexert','Avenue Louis-Casaï 52','Vernier',46.218,6.116,10,'upcoming',
   'Petit match rapide après le boulot. Bonne ambiance garantie !'),
  ('00000000-0000-0000-0001-000000000044','00000000-0000-0000-0002-000000000002',
   '6v6 Genève Indoor','indoor',CURRENT_DATE-interval '3 days','17:00',90,
   'Salle de sport de Champel','Chemin de Beau-Soleil 20','Genève',46.192,6.147,12,'upcoming',
   'Session foot intense, on vient pour transpirer. Eau recommandée.'),
  ('00000000-0000-0000-0001-000000000045','00000000-0000-0000-0002-000000000001',
   '7v7 Meyrin','outdoor',CURRENT_DATE-interval '3 days','17:00',90,
   'Stade de Vaudagne','Avenue de Vaudagne 24','Meyrin',46.234,6.082,14,'upcoming',
   'Session foot intense, on vient pour transpirer. Eau recommandée.'),
  ('00000000-0000-0000-0001-000000000046','00000000-0000-0000-0002-000000000001',
   '7v7 Grand-Saconnex','outdoor',CURRENT_DATE-interval '2 days','14:00',90,
   'Stade du Grand-Saconnex','Route de Ferney 160','Grand-Saconnex',46.233,6.124,14,'upcoming',
   'Petit match rapide après le boulot. Bonne ambiance garantie !'),
  ('00000000-0000-0000-0001-000000000047','00000000-0000-0000-0002-000000000001',
   '5v5 Grand-Saconnex','outdoor',CURRENT_DATE-interval '2 days','17:00',60,
   'Stade du Grand-Saconnex','Route de Ferney 160','Grand-Saconnex',46.233,6.124,10,'upcoming',
   'Terrain couvert, on joue même sous la pluie. Places limitées.'),
  ('00000000-0000-0000-0001-000000000048','00000000-0000-0000-0002-000000000001',
   '7v7 Grand-Saconnex','outdoor',CURRENT_DATE-interval '1 days','20:00',90,
   'Stade du Grand-Saconnex','Route de Ferney 160','Grand-Saconnex',46.233,6.124,14,'upcoming',
   'Terrain éclairé, on joue beau temps mauvais temps. Chasubles fournies.'),
  ('00000000-0000-0000-0001-000000000049','00000000-0000-0000-0002-000000000002',
   '7v7 Genève','outdoor',CURRENT_DATE-interval '1 days','21:00',90,
   'Centre sportif du Bout-du-Monde','Route de Vessy 12','Genève',46.187,6.152,14,'upcoming',
   'Match afterwork sur synthétique. Venez avec des crampons moulés ou chaussures lisses.'),
  ('00000000-0000-0000-0001-000000000050','00000000-0000-0000-0002-000000000001',
   '7v7 Cologny','outdoor',CURRENT_DATE,'10:00',90,
   'Stade de Frontenex','Plateau de Frontenex 8','Cologny',46.207,6.175,14,'upcoming',
   'Petit match rapide après le boulot. Bonne ambiance garantie !'),
  ('00000000-0000-0000-0001-000000000051','00000000-0000-0000-0002-000000000001',
   '6v6 Onex','outdoor',CURRENT_DATE+interval '2 days','19:00',90,
   'Centre sportif des Evaux','Chemin François-Chavaz 110','Onex',46.185,6.101,12,'upcoming',
   'Match du dimanche matin, parfait pour bien commencer la semaine !'),
  ('00000000-0000-0000-0001-000000000052','00000000-0000-0000-0002-000000000002',
   '6v6 Châtelaine','covered',CURRENT_DATE+interval '4 days','10:00',90,
   'Stade des Libellules','Chemin de l''Écu 24','Châtelaine',46.215,6.112,12,'upcoming',
   'Terrain couvert, on joue même sous la pluie. Places limitées.'),
  ('00000000-0000-0000-0001-000000000053','00000000-0000-0000-0002-000000000001',
   '6v6 Genève','outdoor',CURRENT_DATE+interval '6 days','20:00',90,
   'Terrain du Parc Bertrand','Avenue Bertrand 2','Genève',46.199,6.155,12,'upcoming',
   'Match du weekend, ambiance détendue. Venez comme vous êtes !'),
  ('00000000-0000-0000-0001-000000000054','00000000-0000-0000-0002-000000000002',
   '7v7 Genève Indoor','indoor',CURRENT_DATE+interval '9 days','21:00',90,
   'Salle de sport de Champel','Chemin de Beau-Soleil 20','Genève',46.192,6.147,14,'upcoming',
   'Session foot intense, on vient pour transpirer. Eau recommandée.'),
  ('00000000-0000-0000-0001-000000000055','00000000-0000-0000-0002-000000000001',
   '6v6 Les Acacias Indoor','indoor',CURRENT_DATE+interval '12 days','10:00',90,
   'Centre sportif de la Queue-d''Arve','Rue François-Dussaud 12','Les Acacias',46.1963,6.1313,12,'upcoming',
   'Terrain couvert, on joue même sous la pluie. Places limitées.')
ON CONFLICT (id) DO NOTHING;

-- =====================================================
-- MATCH REGISTRATIONS
-- =====================================================

INSERT INTO match_registrations (match_id, player_id) VALUES
  ('00000000-0000-0000-0001-000000000001','00000000-0000-0000-0000-000000000107'),
  ('00000000-0000-0000-0001-000000000001','00000000-0000-0000-0000-000000000111'),
  ('00000000-0000-0000-0001-000000000001','00000000-0000-0000-0000-000000000116'),
  ('00000000-0000-0000-0001-000000000001','00000000-0000-0000-0000-000000000118'),
  ('00000000-0000-0000-0001-000000000001','00000000-0000-0000-0000-000000000125'),
  ('00000000-0000-0000-0001-000000000001','00000000-0000-0000-0000-000000000156'),
  ('00000000-0000-0000-0001-000000000001','00000000-0000-0000-0000-000000000160'),
  ('00000000-0000-0000-0001-000000000001','00000000-0000-0000-0000-000000000169'),
  ('00000000-0000-0000-0001-000000000001','00000000-0000-0000-0000-000000000182'),
  ('00000000-0000-0000-0001-000000000001','00000000-0000-0000-0000-000000000188'),
  ('00000000-0000-0000-0001-000000000002','00000000-0000-0000-0000-000000000102'),
  ('00000000-0000-0000-0001-000000000002','00000000-0000-0000-0000-000000000113'),
  ('00000000-0000-0000-0001-000000000002','00000000-0000-0000-0000-000000000115'),
  ('00000000-0000-0000-0001-000000000002','00000000-0000-0000-0000-000000000120'),
  ('00000000-0000-0000-0001-000000000002','00000000-0000-0000-0000-000000000123'),
  ('00000000-0000-0000-0001-000000000002','00000000-0000-0000-0000-000000000130'),
  ('00000000-0000-0000-0001-000000000002','00000000-0000-0000-0000-000000000184'),
  ('00000000-0000-0000-0001-000000000002','00000000-0000-0000-0000-000000000190'),
  ('00000000-0000-0000-0001-000000000002','00000000-0000-0000-0000-000000000191'),
  ('00000000-0000-0000-0001-000000000003','00000000-0000-0000-0000-000000000102'),
  ('00000000-0000-0000-0001-000000000003','00000000-0000-0000-0000-000000000105'),
  ('00000000-0000-0000-0001-000000000003','00000000-0000-0000-0000-000000000108'),
  ('00000000-0000-0000-0001-000000000003','00000000-0000-0000-0000-000000000118'),
  ('00000000-0000-0000-0001-000000000003','00000000-0000-0000-0000-000000000122'),
  ('00000000-0000-0000-0001-000000000003','00000000-0000-0000-0000-000000000123'),
  ('00000000-0000-0000-0001-000000000003','00000000-0000-0000-0000-000000000126'),
  ('00000000-0000-0000-0001-000000000003','00000000-0000-0000-0000-000000000136'),
  ('00000000-0000-0000-0001-000000000003','00000000-0000-0000-0000-000000000139'),
  ('00000000-0000-0000-0001-000000000003','00000000-0000-0000-0000-000000000153'),
  ('00000000-0000-0000-0001-000000000003','00000000-0000-0000-0000-000000000157'),
  ('00000000-0000-0000-0001-000000000003','00000000-0000-0000-0000-000000000178'),
  ('00000000-0000-0000-0001-000000000003','00000000-0000-0000-0000-000000000196'),
  ('00000000-0000-0000-0001-000000000004','00000000-0000-0000-0000-000000000103'),
  ('00000000-0000-0000-0001-000000000004','00000000-0000-0000-0000-000000000107'),
  ('00000000-0000-0000-0001-000000000004','00000000-0000-0000-0000-000000000112'),
  ('00000000-0000-0000-0001-000000000004','00000000-0000-0000-0000-000000000117'),
  ('00000000-0000-0000-0001-000000000004','00000000-0000-0000-0000-000000000123'),
  ('00000000-0000-0000-0001-000000000004','00000000-0000-0000-0000-000000000128'),
  ('00000000-0000-0000-0001-000000000004','00000000-0000-0000-0000-000000000145'),
  ('00000000-0000-0000-0001-000000000004','00000000-0000-0000-0000-000000000147'),
  ('00000000-0000-0000-0001-000000000004','00000000-0000-0000-0000-000000000167'),
  ('00000000-0000-0000-0001-000000000005','00000000-0000-0000-0000-000000000101'),
  ('00000000-0000-0000-0001-000000000005','00000000-0000-0000-0000-000000000103'),
  ('00000000-0000-0000-0001-000000000005','00000000-0000-0000-0000-000000000108'),
  ('00000000-0000-0000-0001-000000000005','00000000-0000-0000-0000-000000000113'),
  ('00000000-0000-0000-0001-000000000005','00000000-0000-0000-0000-000000000117'),
  ('00000000-0000-0000-0001-000000000005','00000000-0000-0000-0000-000000000125'),
  ('00000000-0000-0000-0001-000000000005','00000000-0000-0000-0000-000000000128'),
  ('00000000-0000-0000-0001-000000000005','00000000-0000-0000-0000-000000000136'),
  ('00000000-0000-0000-0001-000000000005','00000000-0000-0000-0000-000000000137')
ON CONFLICT ON CONSTRAINT unique_player_per_match DO NOTHING;

INSERT INTO match_registrations (match_id, player_id) VALUES
  ('00000000-0000-0000-0001-000000000005','00000000-0000-0000-0000-000000000144'),
  ('00000000-0000-0000-0001-000000000005','00000000-0000-0000-0000-000000000148'),
  ('00000000-0000-0000-0001-000000000005','00000000-0000-0000-0000-000000000162'),
  ('00000000-0000-0000-0001-000000000005','00000000-0000-0000-0000-000000000187'),
  ('00000000-0000-0000-0001-000000000006','00000000-0000-0000-0000-000000000105'),
  ('00000000-0000-0000-0001-000000000006','00000000-0000-0000-0000-000000000113'),
  ('00000000-0000-0000-0001-000000000006','00000000-0000-0000-0000-000000000121'),
  ('00000000-0000-0000-0001-000000000006','00000000-0000-0000-0000-000000000122'),
  ('00000000-0000-0000-0001-000000000006','00000000-0000-0000-0000-000000000124'),
  ('00000000-0000-0000-0001-000000000006','00000000-0000-0000-0000-000000000128'),
  ('00000000-0000-0000-0001-000000000006','00000000-0000-0000-0000-000000000150'),
  ('00000000-0000-0000-0001-000000000006','00000000-0000-0000-0000-000000000155'),
  ('00000000-0000-0000-0001-000000000006','00000000-0000-0000-0000-000000000156'),
  ('00000000-0000-0000-0001-000000000006','00000000-0000-0000-0000-000000000165'),
  ('00000000-0000-0000-0001-000000000006','00000000-0000-0000-0000-000000000169'),
  ('00000000-0000-0000-0001-000000000006','00000000-0000-0000-0000-000000000170'),
  ('00000000-0000-0000-0001-000000000007','00000000-0000-0000-0000-000000000109'),
  ('00000000-0000-0000-0001-000000000007','00000000-0000-0000-0000-000000000113'),
  ('00000000-0000-0000-0001-000000000007','00000000-0000-0000-0000-000000000119'),
  ('00000000-0000-0000-0001-000000000007','00000000-0000-0000-0000-000000000120'),
  ('00000000-0000-0000-0001-000000000007','00000000-0000-0000-0000-000000000121'),
  ('00000000-0000-0000-0001-000000000007','00000000-0000-0000-0000-000000000125'),
  ('00000000-0000-0000-0001-000000000007','00000000-0000-0000-0000-000000000126'),
  ('00000000-0000-0000-0001-000000000007','00000000-0000-0000-0000-000000000127'),
  ('00000000-0000-0000-0001-000000000007','00000000-0000-0000-0000-000000000135'),
  ('00000000-0000-0000-0001-000000000007','00000000-0000-0000-0000-000000000141'),
  ('00000000-0000-0000-0001-000000000007','00000000-0000-0000-0000-000000000156'),
  ('00000000-0000-0000-0001-000000000007','00000000-0000-0000-0000-000000000160'),
  ('00000000-0000-0000-0001-000000000008','00000000-0000-0000-0000-000000000101'),
  ('00000000-0000-0000-0001-000000000008','00000000-0000-0000-0000-000000000114'),
  ('00000000-0000-0000-0001-000000000008','00000000-0000-0000-0000-000000000119'),
  ('00000000-0000-0000-0001-000000000008','00000000-0000-0000-0000-000000000120'),
  ('00000000-0000-0000-0001-000000000008','00000000-0000-0000-0000-000000000126'),
  ('00000000-0000-0000-0001-000000000008','00000000-0000-0000-0000-000000000128'),
  ('00000000-0000-0000-0001-000000000008','00000000-0000-0000-0000-000000000141'),
  ('00000000-0000-0000-0001-000000000008','00000000-0000-0000-0000-000000000143'),
  ('00000000-0000-0000-0001-000000000008','00000000-0000-0000-0000-000000000145'),
  ('00000000-0000-0000-0001-000000000008','00000000-0000-0000-0000-000000000148'),
  ('00000000-0000-0000-0001-000000000008','00000000-0000-0000-0000-000000000149'),
  ('00000000-0000-0000-0001-000000000008','00000000-0000-0000-0000-000000000154'),
  ('00000000-0000-0000-0001-000000000008','00000000-0000-0000-0000-000000000182'),
  ('00000000-0000-0000-0001-000000000008','00000000-0000-0000-0000-000000000194'),
  ('00000000-0000-0000-0001-000000000009','00000000-0000-0000-0000-000000000106'),
  ('00000000-0000-0000-0001-000000000009','00000000-0000-0000-0000-000000000111'),
  ('00000000-0000-0000-0001-000000000009','00000000-0000-0000-0000-000000000114'),
  ('00000000-0000-0000-0001-000000000009','00000000-0000-0000-0000-000000000119'),
  ('00000000-0000-0000-0001-000000000009','00000000-0000-0000-0000-000000000122'),
  ('00000000-0000-0000-0001-000000000009','00000000-0000-0000-0000-000000000129'),
  ('00000000-0000-0000-0001-000000000009','00000000-0000-0000-0000-000000000131'),
  ('00000000-0000-0000-0001-000000000009','00000000-0000-0000-0000-000000000136')
ON CONFLICT ON CONSTRAINT unique_player_per_match DO NOTHING;

INSERT INTO match_registrations (match_id, player_id) VALUES
  ('00000000-0000-0000-0001-000000000009','00000000-0000-0000-0000-000000000150'),
  ('00000000-0000-0000-0001-000000000009','00000000-0000-0000-0000-000000000152'),
  ('00000000-0000-0000-0001-000000000009','00000000-0000-0000-0000-000000000155'),
  ('00000000-0000-0000-0001-000000000009','00000000-0000-0000-0000-000000000157'),
  ('00000000-0000-0000-0001-000000000009','00000000-0000-0000-0000-000000000169'),
  ('00000000-0000-0000-0001-000000000009','00000000-0000-0000-0000-000000000184'),
  ('00000000-0000-0000-0001-000000000010','00000000-0000-0000-0000-000000000102'),
  ('00000000-0000-0000-0001-000000000010','00000000-0000-0000-0000-000000000103'),
  ('00000000-0000-0000-0001-000000000010','00000000-0000-0000-0000-000000000110'),
  ('00000000-0000-0000-0001-000000000010','00000000-0000-0000-0000-000000000113'),
  ('00000000-0000-0000-0001-000000000010','00000000-0000-0000-0000-000000000115'),
  ('00000000-0000-0000-0001-000000000010','00000000-0000-0000-0000-000000000116'),
  ('00000000-0000-0000-0001-000000000010','00000000-0000-0000-0000-000000000120'),
  ('00000000-0000-0000-0001-000000000010','00000000-0000-0000-0000-000000000131'),
  ('00000000-0000-0000-0001-000000000010','00000000-0000-0000-0000-000000000149'),
  ('00000000-0000-0000-0001-000000000010','00000000-0000-0000-0000-000000000157'),
  ('00000000-0000-0000-0001-000000000010','00000000-0000-0000-0000-000000000173'),
  ('00000000-0000-0000-0001-000000000010','00000000-0000-0000-0000-000000000177'),
  ('00000000-0000-0000-0001-000000000010','00000000-0000-0000-0000-000000000187'),
  ('00000000-0000-0000-0001-000000000010','00000000-0000-0000-0000-000000000198'),
  ('00000000-0000-0000-0001-000000000011','00000000-0000-0000-0000-000000000101'),
  ('00000000-0000-0000-0001-000000000011','00000000-0000-0000-0000-000000000110'),
  ('00000000-0000-0000-0001-000000000011','00000000-0000-0000-0000-000000000113'),
  ('00000000-0000-0000-0001-000000000011','00000000-0000-0000-0000-000000000116'),
  ('00000000-0000-0000-0001-000000000011','00000000-0000-0000-0000-000000000125'),
  ('00000000-0000-0000-0001-000000000011','00000000-0000-0000-0000-000000000126'),
  ('00000000-0000-0000-0001-000000000011','00000000-0000-0000-0000-000000000127'),
  ('00000000-0000-0000-0001-000000000011','00000000-0000-0000-0000-000000000134'),
  ('00000000-0000-0000-0001-000000000011','00000000-0000-0000-0000-000000000144'),
  ('00000000-0000-0000-0001-000000000011','00000000-0000-0000-0000-000000000151'),
  ('00000000-0000-0000-0001-000000000011','00000000-0000-0000-0000-000000000154'),
  ('00000000-0000-0000-0001-000000000011','00000000-0000-0000-0000-000000000159'),
  ('00000000-0000-0000-0001-000000000011','00000000-0000-0000-0000-000000000160'),
  ('00000000-0000-0000-0001-000000000011','00000000-0000-0000-0000-000000000164'),
  ('00000000-0000-0000-0001-000000000012','00000000-0000-0000-0000-000000000104'),
  ('00000000-0000-0000-0001-000000000012','00000000-0000-0000-0000-000000000112'),
  ('00000000-0000-0000-0001-000000000012','00000000-0000-0000-0000-000000000115'),
  ('00000000-0000-0000-0001-000000000012','00000000-0000-0000-0000-000000000128'),
  ('00000000-0000-0000-0001-000000000012','00000000-0000-0000-0000-000000000130'),
  ('00000000-0000-0000-0001-000000000012','00000000-0000-0000-0000-000000000137'),
  ('00000000-0000-0000-0001-000000000012','00000000-0000-0000-0000-000000000142'),
  ('00000000-0000-0000-0001-000000000012','00000000-0000-0000-0000-000000000160'),
  ('00000000-0000-0000-0001-000000000012','00000000-0000-0000-0000-000000000180'),
  ('00000000-0000-0000-0001-000000000012','00000000-0000-0000-0000-000000000186'),
  ('00000000-0000-0000-0001-000000000013','00000000-0000-0000-0000-000000000108'),
  ('00000000-0000-0000-0001-000000000013','00000000-0000-0000-0000-000000000109'),
  ('00000000-0000-0000-0001-000000000013','00000000-0000-0000-0000-000000000121'),
  ('00000000-0000-0000-0001-000000000013','00000000-0000-0000-0000-000000000129'),
  ('00000000-0000-0000-0001-000000000013','00000000-0000-0000-0000-000000000130'),
  ('00000000-0000-0000-0001-000000000013','00000000-0000-0000-0000-000000000138')
ON CONFLICT ON CONSTRAINT unique_player_per_match DO NOTHING;

INSERT INTO match_registrations (match_id, player_id) VALUES
  ('00000000-0000-0000-0001-000000000013','00000000-0000-0000-0000-000000000142'),
  ('00000000-0000-0000-0001-000000000013','00000000-0000-0000-0000-000000000147'),
  ('00000000-0000-0000-0001-000000000013','00000000-0000-0000-0000-000000000149'),
  ('00000000-0000-0000-0001-000000000013','00000000-0000-0000-0000-000000000156'),
  ('00000000-0000-0000-0001-000000000013','00000000-0000-0000-0000-000000000174'),
  ('00000000-0000-0000-0001-000000000013','00000000-0000-0000-0000-000000000186'),
  ('00000000-0000-0000-0001-000000000013','00000000-0000-0000-0000-000000000189'),
  ('00000000-0000-0000-0001-000000000013','00000000-0000-0000-0000-000000000198'),
  ('00000000-0000-0000-0001-000000000014','00000000-0000-0000-0000-000000000111'),
  ('00000000-0000-0000-0001-000000000014','00000000-0000-0000-0000-000000000116'),
  ('00000000-0000-0000-0001-000000000014','00000000-0000-0000-0000-000000000117'),
  ('00000000-0000-0000-0001-000000000014','00000000-0000-0000-0000-000000000128'),
  ('00000000-0000-0000-0001-000000000014','00000000-0000-0000-0000-000000000129'),
  ('00000000-0000-0000-0001-000000000014','00000000-0000-0000-0000-000000000131'),
  ('00000000-0000-0000-0001-000000000014','00000000-0000-0000-0000-000000000141'),
  ('00000000-0000-0000-0001-000000000014','00000000-0000-0000-0000-000000000152'),
  ('00000000-0000-0000-0001-000000000014','00000000-0000-0000-0000-000000000171'),
  ('00000000-0000-0000-0001-000000000014','00000000-0000-0000-0000-000000000173'),
  ('00000000-0000-0000-0001-000000000014','00000000-0000-0000-0000-000000000193'),
  ('00000000-0000-0000-0001-000000000014','00000000-0000-0000-0000-000000000196'),
  ('00000000-0000-0000-0001-000000000015','00000000-0000-0000-0000-000000000105'),
  ('00000000-0000-0000-0001-000000000015','00000000-0000-0000-0000-000000000116'),
  ('00000000-0000-0000-0001-000000000015','00000000-0000-0000-0000-000000000118'),
  ('00000000-0000-0000-0001-000000000015','00000000-0000-0000-0000-000000000119'),
  ('00000000-0000-0000-0001-000000000015','00000000-0000-0000-0000-000000000129'),
  ('00000000-0000-0000-0001-000000000015','00000000-0000-0000-0000-000000000133'),
  ('00000000-0000-0000-0001-000000000015','00000000-0000-0000-0000-000000000137'),
  ('00000000-0000-0000-0001-000000000015','00000000-0000-0000-0000-000000000151'),
  ('00000000-0000-0000-0001-000000000015','00000000-0000-0000-0000-000000000163'),
  ('00000000-0000-0000-0001-000000000015','00000000-0000-0000-0000-000000000180'),
  ('00000000-0000-0000-0001-000000000016','00000000-0000-0000-0000-000000000105'),
  ('00000000-0000-0000-0001-000000000016','00000000-0000-0000-0000-000000000106'),
  ('00000000-0000-0000-0001-000000000016','00000000-0000-0000-0000-000000000109'),
  ('00000000-0000-0000-0001-000000000016','00000000-0000-0000-0000-000000000110'),
  ('00000000-0000-0000-0001-000000000016','00000000-0000-0000-0000-000000000114'),
  ('00000000-0000-0000-0001-000000000016','00000000-0000-0000-0000-000000000115'),
  ('00000000-0000-0000-0001-000000000016','00000000-0000-0000-0000-000000000121'),
  ('00000000-0000-0000-0001-000000000016','00000000-0000-0000-0000-000000000122'),
  ('00000000-0000-0000-0001-000000000016','00000000-0000-0000-0000-000000000125'),
  ('00000000-0000-0000-0001-000000000016','00000000-0000-0000-0000-000000000127'),
  ('00000000-0000-0000-0001-000000000016','00000000-0000-0000-0000-000000000130'),
  ('00000000-0000-0000-0001-000000000016','00000000-0000-0000-0000-000000000140'),
  ('00000000-0000-0000-0001-000000000016','00000000-0000-0000-0000-000000000159'),
  ('00000000-0000-0000-0001-000000000016','00000000-0000-0000-0000-000000000161'),
  ('00000000-0000-0000-0001-000000000017','00000000-0000-0000-0000-000000000101'),
  ('00000000-0000-0000-0001-000000000017','00000000-0000-0000-0000-000000000102'),
  ('00000000-0000-0000-0001-000000000017','00000000-0000-0000-0000-000000000114'),
  ('00000000-0000-0000-0001-000000000017','00000000-0000-0000-0000-000000000120'),
  ('00000000-0000-0000-0001-000000000017','00000000-0000-0000-0000-000000000123'),
  ('00000000-0000-0000-0001-000000000017','00000000-0000-0000-0000-000000000125')
ON CONFLICT ON CONSTRAINT unique_player_per_match DO NOTHING;

INSERT INTO match_registrations (match_id, player_id) VALUES
  ('00000000-0000-0000-0001-000000000017','00000000-0000-0000-0000-000000000127'),
  ('00000000-0000-0000-0001-000000000017','00000000-0000-0000-0000-000000000132'),
  ('00000000-0000-0000-0001-000000000017','00000000-0000-0000-0000-000000000144'),
  ('00000000-0000-0000-0001-000000000017','00000000-0000-0000-0000-000000000145'),
  ('00000000-0000-0000-0001-000000000017','00000000-0000-0000-0000-000000000160'),
  ('00000000-0000-0000-0001-000000000017','00000000-0000-0000-0000-000000000173'),
  ('00000000-0000-0000-0001-000000000017','00000000-0000-0000-0000-000000000176'),
  ('00000000-0000-0000-0001-000000000017','00000000-0000-0000-0000-000000000178'),
  ('00000000-0000-0000-0001-000000000018','00000000-0000-0000-0000-000000000102'),
  ('00000000-0000-0000-0001-000000000018','00000000-0000-0000-0000-000000000115'),
  ('00000000-0000-0000-0001-000000000018','00000000-0000-0000-0000-000000000118'),
  ('00000000-0000-0000-0001-000000000018','00000000-0000-0000-0000-000000000127'),
  ('00000000-0000-0000-0001-000000000018','00000000-0000-0000-0000-000000000128'),
  ('00000000-0000-0000-0001-000000000018','00000000-0000-0000-0000-000000000133'),
  ('00000000-0000-0000-0001-000000000018','00000000-0000-0000-0000-000000000139'),
  ('00000000-0000-0000-0001-000000000018','00000000-0000-0000-0000-000000000140'),
  ('00000000-0000-0000-0001-000000000018','00000000-0000-0000-0000-000000000148'),
  ('00000000-0000-0000-0001-000000000018','00000000-0000-0000-0000-000000000169'),
  ('00000000-0000-0000-0001-000000000018','00000000-0000-0000-0000-000000000172'),
  ('00000000-0000-0000-0001-000000000018','00000000-0000-0000-0000-000000000185'),
  ('00000000-0000-0000-0001-000000000019','00000000-0000-0000-0000-000000000102'),
  ('00000000-0000-0000-0001-000000000019','00000000-0000-0000-0000-000000000109'),
  ('00000000-0000-0000-0001-000000000019','00000000-0000-0000-0000-000000000111'),
  ('00000000-0000-0000-0001-000000000019','00000000-0000-0000-0000-000000000126'),
  ('00000000-0000-0000-0001-000000000019','00000000-0000-0000-0000-000000000130'),
  ('00000000-0000-0000-0001-000000000019','00000000-0000-0000-0000-000000000139'),
  ('00000000-0000-0000-0001-000000000019','00000000-0000-0000-0000-000000000146'),
  ('00000000-0000-0000-0001-000000000019','00000000-0000-0000-0000-000000000150'),
  ('00000000-0000-0000-0001-000000000019','00000000-0000-0000-0000-000000000156'),
  ('00000000-0000-0000-0001-000000000019','00000000-0000-0000-0000-000000000157'),
  ('00000000-0000-0000-0001-000000000019','00000000-0000-0000-0000-000000000166'),
  ('00000000-0000-0000-0001-000000000019','00000000-0000-0000-0000-000000000185'),
  ('00000000-0000-0000-0001-000000000020','00000000-0000-0000-0000-000000000102'),
  ('00000000-0000-0000-0001-000000000020','00000000-0000-0000-0000-000000000104'),
  ('00000000-0000-0000-0001-000000000020','00000000-0000-0000-0000-000000000106'),
  ('00000000-0000-0000-0001-000000000020','00000000-0000-0000-0000-000000000109'),
  ('00000000-0000-0000-0001-000000000020','00000000-0000-0000-0000-000000000112'),
  ('00000000-0000-0000-0001-000000000020','00000000-0000-0000-0000-000000000114'),
  ('00000000-0000-0000-0001-000000000020','00000000-0000-0000-0000-000000000117'),
  ('00000000-0000-0000-0001-000000000020','00000000-0000-0000-0000-000000000121'),
  ('00000000-0000-0000-0001-000000000020','00000000-0000-0000-0000-000000000122'),
  ('00000000-0000-0000-0001-000000000020','00000000-0000-0000-0000-000000000125'),
  ('00000000-0000-0000-0001-000000000020','00000000-0000-0000-0000-000000000128'),
  ('00000000-0000-0000-0001-000000000020','00000000-0000-0000-0000-000000000130'),
  ('00000000-0000-0000-0001-000000000020','00000000-0000-0000-0000-000000000153'),
  ('00000000-0000-0000-0001-000000000020','00000000-0000-0000-0000-000000000175'),
  ('00000000-0000-0000-0001-000000000021','00000000-0000-0000-0000-000000000102'),
  ('00000000-0000-0000-0001-000000000021','00000000-0000-0000-0000-000000000104'),
  ('00000000-0000-0000-0001-000000000021','00000000-0000-0000-0000-000000000106'),
  ('00000000-0000-0000-0001-000000000021','00000000-0000-0000-0000-000000000115')
ON CONFLICT ON CONSTRAINT unique_player_per_match DO NOTHING;

INSERT INTO match_registrations (match_id, player_id) VALUES
  ('00000000-0000-0000-0001-000000000021','00000000-0000-0000-0000-000000000117'),
  ('00000000-0000-0000-0001-000000000021','00000000-0000-0000-0000-000000000123'),
  ('00000000-0000-0000-0001-000000000021','00000000-0000-0000-0000-000000000127'),
  ('00000000-0000-0000-0001-000000000021','00000000-0000-0000-0000-000000000131'),
  ('00000000-0000-0000-0001-000000000021','00000000-0000-0000-0000-000000000140'),
  ('00000000-0000-0000-0001-000000000021','00000000-0000-0000-0000-000000000172'),
  ('00000000-0000-0000-0001-000000000021','00000000-0000-0000-0000-000000000173'),
  ('00000000-0000-0000-0001-000000000022','00000000-0000-0000-0000-000000000102'),
  ('00000000-0000-0000-0001-000000000022','00000000-0000-0000-0000-000000000103'),
  ('00000000-0000-0000-0001-000000000022','00000000-0000-0000-0000-000000000109'),
  ('00000000-0000-0000-0001-000000000022','00000000-0000-0000-0000-000000000110'),
  ('00000000-0000-0000-0001-000000000022','00000000-0000-0000-0000-000000000113'),
  ('00000000-0000-0000-0001-000000000022','00000000-0000-0000-0000-000000000116'),
  ('00000000-0000-0000-0001-000000000022','00000000-0000-0000-0000-000000000150'),
  ('00000000-0000-0000-0001-000000000022','00000000-0000-0000-0000-000000000174'),
  ('00000000-0000-0000-0001-000000000023','00000000-0000-0000-0000-000000000108'),
  ('00000000-0000-0000-0001-000000000023','00000000-0000-0000-0000-000000000111'),
  ('00000000-0000-0000-0001-000000000023','00000000-0000-0000-0000-000000000114'),
  ('00000000-0000-0000-0001-000000000023','00000000-0000-0000-0000-000000000117'),
  ('00000000-0000-0000-0001-000000000023','00000000-0000-0000-0000-000000000124'),
  ('00000000-0000-0000-0001-000000000023','00000000-0000-0000-0000-000000000130'),
  ('00000000-0000-0000-0001-000000000023','00000000-0000-0000-0000-000000000143'),
  ('00000000-0000-0000-0001-000000000023','00000000-0000-0000-0000-000000000148'),
  ('00000000-0000-0000-0001-000000000023','00000000-0000-0000-0000-000000000160'),
  ('00000000-0000-0000-0001-000000000023','00000000-0000-0000-0000-000000000177'),
  ('00000000-0000-0000-0001-000000000024','00000000-0000-0000-0000-000000000102'),
  ('00000000-0000-0000-0001-000000000024','00000000-0000-0000-0000-000000000107'),
  ('00000000-0000-0000-0001-000000000024','00000000-0000-0000-0000-000000000108'),
  ('00000000-0000-0000-0001-000000000024','00000000-0000-0000-0000-000000000111'),
  ('00000000-0000-0000-0001-000000000024','00000000-0000-0000-0000-000000000120'),
  ('00000000-0000-0000-0001-000000000024','00000000-0000-0000-0000-000000000144'),
  ('00000000-0000-0000-0001-000000000024','00000000-0000-0000-0000-000000000145'),
  ('00000000-0000-0000-0001-000000000024','00000000-0000-0000-0000-000000000164'),
  ('00000000-0000-0000-0001-000000000024','00000000-0000-0000-0000-000000000180'),
  ('00000000-0000-0000-0001-000000000024','00000000-0000-0000-0000-000000000190'),
  ('00000000-0000-0000-0001-000000000025','00000000-0000-0000-0000-000000000105'),
  ('00000000-0000-0000-0001-000000000025','00000000-0000-0000-0000-000000000107'),
  ('00000000-0000-0000-0001-000000000025','00000000-0000-0000-0000-000000000113'),
  ('00000000-0000-0000-0001-000000000025','00000000-0000-0000-0000-000000000116'),
  ('00000000-0000-0000-0001-000000000025','00000000-0000-0000-0000-000000000120'),
  ('00000000-0000-0000-0001-000000000025','00000000-0000-0000-0000-000000000126'),
  ('00000000-0000-0000-0001-000000000025','00000000-0000-0000-0000-000000000146'),
  ('00000000-0000-0000-0001-000000000025','00000000-0000-0000-0000-000000000151'),
  ('00000000-0000-0000-0001-000000000025','00000000-0000-0000-0000-000000000158'),
  ('00000000-0000-0000-0001-000000000025','00000000-0000-0000-0000-000000000159'),
  ('00000000-0000-0000-0001-000000000025','00000000-0000-0000-0000-000000000160'),
  ('00000000-0000-0000-0001-000000000025','00000000-0000-0000-0000-000000000164'),
  ('00000000-0000-0000-0001-000000000025','00000000-0000-0000-0000-000000000178'),
  ('00000000-0000-0000-0001-000000000026','00000000-0000-0000-0000-000000000103'),
  ('00000000-0000-0000-0001-000000000026','00000000-0000-0000-0000-000000000105')
ON CONFLICT ON CONSTRAINT unique_player_per_match DO NOTHING;

INSERT INTO match_registrations (match_id, player_id) VALUES
  ('00000000-0000-0000-0001-000000000026','00000000-0000-0000-0000-000000000123'),
  ('00000000-0000-0000-0001-000000000026','00000000-0000-0000-0000-000000000124'),
  ('00000000-0000-0000-0001-000000000026','00000000-0000-0000-0000-000000000128'),
  ('00000000-0000-0000-0001-000000000026','00000000-0000-0000-0000-000000000139'),
  ('00000000-0000-0000-0001-000000000026','00000000-0000-0000-0000-000000000143'),
  ('00000000-0000-0000-0001-000000000026','00000000-0000-0000-0000-000000000155'),
  ('00000000-0000-0000-0001-000000000026','00000000-0000-0000-0000-000000000181'),
  ('00000000-0000-0000-0001-000000000026','00000000-0000-0000-0000-000000000184'),
  ('00000000-0000-0000-0001-000000000027','00000000-0000-0000-0000-000000000101'),
  ('00000000-0000-0000-0001-000000000027','00000000-0000-0000-0000-000000000107'),
  ('00000000-0000-0000-0001-000000000027','00000000-0000-0000-0000-000000000110'),
  ('00000000-0000-0000-0001-000000000027','00000000-0000-0000-0000-000000000112'),
  ('00000000-0000-0000-0001-000000000027','00000000-0000-0000-0000-000000000122'),
  ('00000000-0000-0000-0001-000000000027','00000000-0000-0000-0000-000000000124'),
  ('00000000-0000-0000-0001-000000000027','00000000-0000-0000-0000-000000000127'),
  ('00000000-0000-0000-0001-000000000027','00000000-0000-0000-0000-000000000128'),
  ('00000000-0000-0000-0001-000000000027','00000000-0000-0000-0000-000000000130'),
  ('00000000-0000-0000-0001-000000000027','00000000-0000-0000-0000-000000000133'),
  ('00000000-0000-0000-0001-000000000027','00000000-0000-0000-0000-000000000152'),
  ('00000000-0000-0000-0001-000000000027','00000000-0000-0000-0000-000000000162'),
  ('00000000-0000-0000-0001-000000000028','00000000-0000-0000-0000-000000000118'),
  ('00000000-0000-0000-0001-000000000028','00000000-0000-0000-0000-000000000128'),
  ('00000000-0000-0000-0001-000000000028','00000000-0000-0000-0000-000000000130'),
  ('00000000-0000-0000-0001-000000000028','00000000-0000-0000-0000-000000000132'),
  ('00000000-0000-0000-0001-000000000028','00000000-0000-0000-0000-000000000139'),
  ('00000000-0000-0000-0001-000000000028','00000000-0000-0000-0000-000000000149'),
  ('00000000-0000-0000-0001-000000000028','00000000-0000-0000-0000-000000000179'),
  ('00000000-0000-0000-0001-000000000028','00000000-0000-0000-0000-000000000187'),
  ('00000000-0000-0000-0001-000000000029','00000000-0000-0000-0000-000000000106'),
  ('00000000-0000-0000-0001-000000000029','00000000-0000-0000-0000-000000000116'),
  ('00000000-0000-0000-0001-000000000029','00000000-0000-0000-0000-000000000118'),
  ('00000000-0000-0000-0001-000000000029','00000000-0000-0000-0000-000000000121'),
  ('00000000-0000-0000-0001-000000000029','00000000-0000-0000-0000-000000000129'),
  ('00000000-0000-0000-0001-000000000029','00000000-0000-0000-0000-000000000130'),
  ('00000000-0000-0000-0001-000000000029','00000000-0000-0000-0000-000000000143'),
  ('00000000-0000-0000-0001-000000000029','00000000-0000-0000-0000-000000000149'),
  ('00000000-0000-0000-0001-000000000029','00000000-0000-0000-0000-000000000156'),
  ('00000000-0000-0000-0001-000000000029','00000000-0000-0000-0000-000000000173'),
  ('00000000-0000-0000-0001-000000000030','00000000-0000-0000-0000-000000000102'),
  ('00000000-0000-0000-0001-000000000030','00000000-0000-0000-0000-000000000112'),
  ('00000000-0000-0000-0001-000000000030','00000000-0000-0000-0000-000000000114'),
  ('00000000-0000-0000-0001-000000000030','00000000-0000-0000-0000-000000000117'),
  ('00000000-0000-0000-0001-000000000030','00000000-0000-0000-0000-000000000118'),
  ('00000000-0000-0000-0001-000000000030','00000000-0000-0000-0000-000000000121'),
  ('00000000-0000-0000-0001-000000000030','00000000-0000-0000-0000-000000000122'),
  ('00000000-0000-0000-0001-000000000030','00000000-0000-0000-0000-000000000123'),
  ('00000000-0000-0000-0001-000000000030','00000000-0000-0000-0000-000000000133'),
  ('00000000-0000-0000-0001-000000000030','00000000-0000-0000-0000-000000000134'),
  ('00000000-0000-0000-0001-000000000030','00000000-0000-0000-0000-000000000142'),
  ('00000000-0000-0000-0001-000000000030','00000000-0000-0000-0000-000000000147')
ON CONFLICT ON CONSTRAINT unique_player_per_match DO NOTHING;

INSERT INTO match_registrations (match_id, player_id) VALUES
  ('00000000-0000-0000-0001-000000000030','00000000-0000-0000-0000-000000000160'),
  ('00000000-0000-0000-0001-000000000030','00000000-0000-0000-0000-000000000185'),
  ('00000000-0000-0000-0001-000000000031','00000000-0000-0000-0000-000000000106'),
  ('00000000-0000-0000-0001-000000000031','00000000-0000-0000-0000-000000000113'),
  ('00000000-0000-0000-0001-000000000031','00000000-0000-0000-0000-000000000116'),
  ('00000000-0000-0000-0001-000000000031','00000000-0000-0000-0000-000000000127'),
  ('00000000-0000-0000-0001-000000000031','00000000-0000-0000-0000-000000000131'),
  ('00000000-0000-0000-0001-000000000031','00000000-0000-0000-0000-000000000133'),
  ('00000000-0000-0000-0001-000000000031','00000000-0000-0000-0000-000000000142'),
  ('00000000-0000-0000-0001-000000000031','00000000-0000-0000-0000-000000000159'),
  ('00000000-0000-0000-0001-000000000031','00000000-0000-0000-0000-000000000165'),
  ('00000000-0000-0000-0001-000000000031','00000000-0000-0000-0000-000000000175'),
  ('00000000-0000-0000-0001-000000000032','00000000-0000-0000-0000-000000000102'),
  ('00000000-0000-0000-0001-000000000032','00000000-0000-0000-0000-000000000106'),
  ('00000000-0000-0000-0001-000000000032','00000000-0000-0000-0000-000000000115'),
  ('00000000-0000-0000-0001-000000000032','00000000-0000-0000-0000-000000000116'),
  ('00000000-0000-0000-0001-000000000032','00000000-0000-0000-0000-000000000119'),
  ('00000000-0000-0000-0001-000000000032','00000000-0000-0000-0000-000000000126'),
  ('00000000-0000-0000-0001-000000000032','00000000-0000-0000-0000-000000000129'),
  ('00000000-0000-0000-0001-000000000032','00000000-0000-0000-0000-000000000159'),
  ('00000000-0000-0000-0001-000000000032','00000000-0000-0000-0000-000000000183'),
  ('00000000-0000-0000-0001-000000000033','00000000-0000-0000-0000-000000000117'),
  ('00000000-0000-0000-0001-000000000033','00000000-0000-0000-0000-000000000118'),
  ('00000000-0000-0000-0001-000000000033','00000000-0000-0000-0000-000000000120'),
  ('00000000-0000-0000-0001-000000000033','00000000-0000-0000-0000-000000000122'),
  ('00000000-0000-0000-0001-000000000033','00000000-0000-0000-0000-000000000123'),
  ('00000000-0000-0000-0001-000000000033','00000000-0000-0000-0000-000000000124'),
  ('00000000-0000-0000-0001-000000000033','00000000-0000-0000-0000-000000000128'),
  ('00000000-0000-0000-0001-000000000033','00000000-0000-0000-0000-000000000130'),
  ('00000000-0000-0000-0001-000000000033','00000000-0000-0000-0000-000000000131'),
  ('00000000-0000-0000-0001-000000000033','00000000-0000-0000-0000-000000000138'),
  ('00000000-0000-0000-0001-000000000033','00000000-0000-0000-0000-000000000141'),
  ('00000000-0000-0000-0001-000000000033','00000000-0000-0000-0000-000000000145'),
  ('00000000-0000-0000-0001-000000000033','00000000-0000-0000-0000-000000000160'),
  ('00000000-0000-0000-0001-000000000033','00000000-0000-0000-0000-000000000171'),
  ('00000000-0000-0000-0001-000000000034','00000000-0000-0000-0000-000000000108'),
  ('00000000-0000-0000-0001-000000000034','00000000-0000-0000-0000-000000000112'),
  ('00000000-0000-0000-0001-000000000034','00000000-0000-0000-0000-000000000113'),
  ('00000000-0000-0000-0001-000000000034','00000000-0000-0000-0000-000000000114'),
  ('00000000-0000-0000-0001-000000000034','00000000-0000-0000-0000-000000000121'),
  ('00000000-0000-0000-0001-000000000034','00000000-0000-0000-0000-000000000139'),
  ('00000000-0000-0000-0001-000000000034','00000000-0000-0000-0000-000000000159'),
  ('00000000-0000-0000-0001-000000000034','00000000-0000-0000-0000-000000000165'),
  ('00000000-0000-0000-0001-000000000034','00000000-0000-0000-0000-000000000171'),
  ('00000000-0000-0000-0001-000000000034','00000000-0000-0000-0000-000000000176'),
  ('00000000-0000-0000-0001-000000000035','00000000-0000-0000-0000-000000000107'),
  ('00000000-0000-0000-0001-000000000035','00000000-0000-0000-0000-000000000113'),
  ('00000000-0000-0000-0001-000000000035','00000000-0000-0000-0000-000000000115'),
  ('00000000-0000-0000-0001-000000000035','00000000-0000-0000-0000-000000000119'),
  ('00000000-0000-0000-0001-000000000035','00000000-0000-0000-0000-000000000138')
ON CONFLICT ON CONSTRAINT unique_player_per_match DO NOTHING;

INSERT INTO match_registrations (match_id, player_id) VALUES
  ('00000000-0000-0000-0001-000000000035','00000000-0000-0000-0000-000000000146'),
  ('00000000-0000-0000-0001-000000000035','00000000-0000-0000-0000-000000000147'),
  ('00000000-0000-0000-0001-000000000035','00000000-0000-0000-0000-000000000166'),
  ('00000000-0000-0000-0001-000000000035','00000000-0000-0000-0000-000000000175'),
  ('00000000-0000-0000-0001-000000000036','00000000-0000-0000-0000-000000000101'),
  ('00000000-0000-0000-0001-000000000036','00000000-0000-0000-0000-000000000103'),
  ('00000000-0000-0000-0001-000000000036','00000000-0000-0000-0000-000000000104'),
  ('00000000-0000-0000-0001-000000000036','00000000-0000-0000-0000-000000000109'),
  ('00000000-0000-0000-0001-000000000036','00000000-0000-0000-0000-000000000118'),
  ('00000000-0000-0000-0001-000000000036','00000000-0000-0000-0000-000000000119'),
  ('00000000-0000-0000-0001-000000000036','00000000-0000-0000-0000-000000000120'),
  ('00000000-0000-0000-0001-000000000036','00000000-0000-0000-0000-000000000133'),
  ('00000000-0000-0000-0001-000000000036','00000000-0000-0000-0000-000000000139'),
  ('00000000-0000-0000-0001-000000000036','00000000-0000-0000-0000-000000000141'),
  ('00000000-0000-0000-0001-000000000036','00000000-0000-0000-0000-000000000152'),
  ('00000000-0000-0000-0001-000000000036','00000000-0000-0000-0000-000000000160'),
  ('00000000-0000-0000-0001-000000000036','00000000-0000-0000-0000-000000000162'),
  ('00000000-0000-0000-0001-000000000036','00000000-0000-0000-0000-000000000173'),
  ('00000000-0000-0000-0001-000000000037','00000000-0000-0000-0000-000000000101'),
  ('00000000-0000-0000-0001-000000000037','00000000-0000-0000-0000-000000000104'),
  ('00000000-0000-0000-0001-000000000037','00000000-0000-0000-0000-000000000112'),
  ('00000000-0000-0000-0001-000000000037','00000000-0000-0000-0000-000000000117'),
  ('00000000-0000-0000-0001-000000000037','00000000-0000-0000-0000-000000000119'),
  ('00000000-0000-0000-0001-000000000037','00000000-0000-0000-0000-000000000122'),
  ('00000000-0000-0000-0001-000000000037','00000000-0000-0000-0000-000000000129'),
  ('00000000-0000-0000-0001-000000000037','00000000-0000-0000-0000-000000000131'),
  ('00000000-0000-0000-0001-000000000037','00000000-0000-0000-0000-000000000132'),
  ('00000000-0000-0000-0001-000000000037','00000000-0000-0000-0000-000000000144'),
  ('00000000-0000-0000-0001-000000000038','00000000-0000-0000-0000-000000000104'),
  ('00000000-0000-0000-0001-000000000038','00000000-0000-0000-0000-000000000105'),
  ('00000000-0000-0000-0001-000000000038','00000000-0000-0000-0000-000000000108'),
  ('00000000-0000-0000-0001-000000000038','00000000-0000-0000-0000-000000000110'),
  ('00000000-0000-0000-0001-000000000038','00000000-0000-0000-0000-000000000126'),
  ('00000000-0000-0000-0001-000000000038','00000000-0000-0000-0000-000000000133'),
  ('00000000-0000-0000-0001-000000000038','00000000-0000-0000-0000-000000000143'),
  ('00000000-0000-0000-0001-000000000038','00000000-0000-0000-0000-000000000144'),
  ('00000000-0000-0000-0001-000000000038','00000000-0000-0000-0000-000000000151'),
  ('00000000-0000-0000-0001-000000000038','00000000-0000-0000-0000-000000000158'),
  ('00000000-0000-0000-0001-000000000038','00000000-0000-0000-0000-000000000188'),
  ('00000000-0000-0000-0001-000000000039','00000000-0000-0000-0000-000000000108'),
  ('00000000-0000-0000-0001-000000000039','00000000-0000-0000-0000-000000000115'),
  ('00000000-0000-0000-0001-000000000039','00000000-0000-0000-0000-000000000116'),
  ('00000000-0000-0000-0001-000000000039','00000000-0000-0000-0000-000000000127'),
  ('00000000-0000-0000-0001-000000000039','00000000-0000-0000-0000-000000000142'),
  ('00000000-0000-0000-0001-000000000039','00000000-0000-0000-0000-000000000147'),
  ('00000000-0000-0000-0001-000000000039','00000000-0000-0000-0000-000000000148'),
  ('00000000-0000-0000-0001-000000000039','00000000-0000-0000-0000-000000000150'),
  ('00000000-0000-0000-0001-000000000039','00000000-0000-0000-0000-000000000176'),
  ('00000000-0000-0000-0001-000000000039','00000000-0000-0000-0000-000000000183'),
  ('00000000-0000-0000-0001-000000000040','00000000-0000-0000-0000-000000000104')
ON CONFLICT ON CONSTRAINT unique_player_per_match DO NOTHING;

INSERT INTO match_registrations (match_id, player_id) VALUES
  ('00000000-0000-0000-0001-000000000040','00000000-0000-0000-0000-000000000120'),
  ('00000000-0000-0000-0001-000000000040','00000000-0000-0000-0000-000000000128'),
  ('00000000-0000-0000-0001-000000000040','00000000-0000-0000-0000-000000000129'),
  ('00000000-0000-0000-0001-000000000040','00000000-0000-0000-0000-000000000143'),
  ('00000000-0000-0000-0001-000000000040','00000000-0000-0000-0000-000000000146'),
  ('00000000-0000-0000-0001-000000000040','00000000-0000-0000-0000-000000000149'),
  ('00000000-0000-0000-0001-000000000040','00000000-0000-0000-0000-000000000150'),
  ('00000000-0000-0000-0001-000000000040','00000000-0000-0000-0000-000000000170'),
  ('00000000-0000-0000-0001-000000000041','00000000-0000-0000-0000-000000000106'),
  ('00000000-0000-0000-0001-000000000041','00000000-0000-0000-0000-000000000111'),
  ('00000000-0000-0000-0001-000000000041','00000000-0000-0000-0000-000000000112'),
  ('00000000-0000-0000-0001-000000000041','00000000-0000-0000-0000-000000000114'),
  ('00000000-0000-0000-0001-000000000041','00000000-0000-0000-0000-000000000116'),
  ('00000000-0000-0000-0001-000000000041','00000000-0000-0000-0000-000000000117'),
  ('00000000-0000-0000-0001-000000000041','00000000-0000-0000-0000-000000000141'),
  ('00000000-0000-0000-0001-000000000041','00000000-0000-0000-0000-000000000151'),
  ('00000000-0000-0000-0001-000000000041','00000000-0000-0000-0000-000000000155'),
  ('00000000-0000-0000-0001-000000000041','00000000-0000-0000-0000-000000000176'),
  ('00000000-0000-0000-0001-000000000042','00000000-0000-0000-0000-000000000101'),
  ('00000000-0000-0000-0001-000000000042','00000000-0000-0000-0000-000000000103'),
  ('00000000-0000-0000-0001-000000000042','00000000-0000-0000-0000-000000000115'),
  ('00000000-0000-0000-0001-000000000042','00000000-0000-0000-0000-000000000119'),
  ('00000000-0000-0000-0001-000000000042','00000000-0000-0000-0000-000000000127'),
  ('00000000-0000-0000-0001-000000000042','00000000-0000-0000-0000-000000000129'),
  ('00000000-0000-0000-0001-000000000042','00000000-0000-0000-0000-000000000131'),
  ('00000000-0000-0000-0001-000000000042','00000000-0000-0000-0000-000000000147'),
  ('00000000-0000-0000-0001-000000000042','00000000-0000-0000-0000-000000000159'),
  ('00000000-0000-0000-0001-000000000042','00000000-0000-0000-0000-000000000161'),
  ('00000000-0000-0000-0001-000000000043','00000000-0000-0000-0000-000000000105'),
  ('00000000-0000-0000-0001-000000000043','00000000-0000-0000-0000-000000000115'),
  ('00000000-0000-0000-0001-000000000043','00000000-0000-0000-0000-000000000117'),
  ('00000000-0000-0000-0001-000000000043','00000000-0000-0000-0000-000000000130'),
  ('00000000-0000-0000-0001-000000000043','00000000-0000-0000-0000-000000000146'),
  ('00000000-0000-0000-0001-000000000043','00000000-0000-0000-0000-000000000151'),
  ('00000000-0000-0000-0001-000000000043','00000000-0000-0000-0000-000000000155'),
  ('00000000-0000-0000-0001-000000000043','00000000-0000-0000-0000-000000000158'),
  ('00000000-0000-0000-0001-000000000043','00000000-0000-0000-0000-000000000182'),
  ('00000000-0000-0000-0001-000000000043','00000000-0000-0000-0000-000000000183'),
  ('00000000-0000-0000-0001-000000000044','00000000-0000-0000-0000-000000000104'),
  ('00000000-0000-0000-0001-000000000044','00000000-0000-0000-0000-000000000105'),
  ('00000000-0000-0000-0001-000000000044','00000000-0000-0000-0000-000000000108'),
  ('00000000-0000-0000-0001-000000000044','00000000-0000-0000-0000-000000000110'),
  ('00000000-0000-0000-0001-000000000044','00000000-0000-0000-0000-000000000111'),
  ('00000000-0000-0000-0001-000000000044','00000000-0000-0000-0000-000000000115'),
  ('00000000-0000-0000-0001-000000000044','00000000-0000-0000-0000-000000000118'),
  ('00000000-0000-0000-0001-000000000044','00000000-0000-0000-0000-000000000120'),
  ('00000000-0000-0000-0001-000000000044','00000000-0000-0000-0000-000000000128'),
  ('00000000-0000-0000-0001-000000000044','00000000-0000-0000-0000-000000000140'),
  ('00000000-0000-0000-0001-000000000044','00000000-0000-0000-0000-000000000153'),
  ('00000000-0000-0000-0001-000000000044','00000000-0000-0000-0000-000000000183')
ON CONFLICT ON CONSTRAINT unique_player_per_match DO NOTHING;

INSERT INTO match_registrations (match_id, player_id) VALUES
  ('00000000-0000-0000-0001-000000000045','00000000-0000-0000-0000-000000000106'),
  ('00000000-0000-0000-0001-000000000045','00000000-0000-0000-0000-000000000108'),
  ('00000000-0000-0000-0001-000000000045','00000000-0000-0000-0000-000000000118'),
  ('00000000-0000-0000-0001-000000000045','00000000-0000-0000-0000-000000000119'),
  ('00000000-0000-0000-0001-000000000045','00000000-0000-0000-0000-000000000120'),
  ('00000000-0000-0000-0001-000000000045','00000000-0000-0000-0000-000000000126'),
  ('00000000-0000-0000-0001-000000000045','00000000-0000-0000-0000-000000000129'),
  ('00000000-0000-0000-0001-000000000045','00000000-0000-0000-0000-000000000130'),
  ('00000000-0000-0000-0001-000000000045','00000000-0000-0000-0000-000000000134'),
  ('00000000-0000-0000-0001-000000000045','00000000-0000-0000-0000-000000000135'),
  ('00000000-0000-0000-0001-000000000045','00000000-0000-0000-0000-000000000140'),
  ('00000000-0000-0000-0001-000000000045','00000000-0000-0000-0000-000000000143'),
  ('00000000-0000-0000-0001-000000000045','00000000-0000-0000-0000-000000000159'),
  ('00000000-0000-0000-0001-000000000045','00000000-0000-0000-0000-000000000160'),
  ('00000000-0000-0000-0001-000000000046','00000000-0000-0000-0000-000000000102'),
  ('00000000-0000-0000-0001-000000000046','00000000-0000-0000-0000-000000000103'),
  ('00000000-0000-0000-0001-000000000046','00000000-0000-0000-0000-000000000106'),
  ('00000000-0000-0000-0001-000000000046','00000000-0000-0000-0000-000000000115'),
  ('00000000-0000-0000-0001-000000000046','00000000-0000-0000-0000-000000000117'),
  ('00000000-0000-0000-0001-000000000046','00000000-0000-0000-0000-000000000118'),
  ('00000000-0000-0000-0001-000000000046','00000000-0000-0000-0000-000000000121'),
  ('00000000-0000-0000-0001-000000000046','00000000-0000-0000-0000-000000000128'),
  ('00000000-0000-0000-0001-000000000046','00000000-0000-0000-0000-000000000144'),
  ('00000000-0000-0000-0001-000000000046','00000000-0000-0000-0000-000000000146'),
  ('00000000-0000-0000-0001-000000000046','00000000-0000-0000-0000-000000000148'),
  ('00000000-0000-0000-0001-000000000046','00000000-0000-0000-0000-000000000157'),
  ('00000000-0000-0000-0001-000000000046','00000000-0000-0000-0000-000000000169'),
  ('00000000-0000-0000-0001-000000000046','00000000-0000-0000-0000-000000000176'),
  ('00000000-0000-0000-0001-000000000047','00000000-0000-0000-0000-000000000112'),
  ('00000000-0000-0000-0001-000000000047','00000000-0000-0000-0000-000000000118'),
  ('00000000-0000-0000-0001-000000000047','00000000-0000-0000-0000-000000000128'),
  ('00000000-0000-0000-0001-000000000047','00000000-0000-0000-0000-000000000129'),
  ('00000000-0000-0000-0001-000000000047','00000000-0000-0000-0000-000000000131'),
  ('00000000-0000-0000-0001-000000000047','00000000-0000-0000-0000-000000000137'),
  ('00000000-0000-0000-0001-000000000047','00000000-0000-0000-0000-000000000145'),
  ('00000000-0000-0000-0001-000000000047','00000000-0000-0000-0000-000000000152'),
  ('00000000-0000-0000-0001-000000000047','00000000-0000-0000-0000-000000000154'),
  ('00000000-0000-0000-0001-000000000047','00000000-0000-0000-0000-000000000189'),
  ('00000000-0000-0000-0001-000000000048','00000000-0000-0000-0000-000000000106'),
  ('00000000-0000-0000-0001-000000000048','00000000-0000-0000-0000-000000000107'),
  ('00000000-0000-0000-0001-000000000048','00000000-0000-0000-0000-000000000111'),
  ('00000000-0000-0000-0001-000000000048','00000000-0000-0000-0000-000000000119'),
  ('00000000-0000-0000-0001-000000000048','00000000-0000-0000-0000-000000000121'),
  ('00000000-0000-0000-0001-000000000048','00000000-0000-0000-0000-000000000122'),
  ('00000000-0000-0000-0001-000000000048','00000000-0000-0000-0000-000000000123'),
  ('00000000-0000-0000-0001-000000000048','00000000-0000-0000-0000-000000000126'),
  ('00000000-0000-0000-0001-000000000048','00000000-0000-0000-0000-000000000127'),
  ('00000000-0000-0000-0001-000000000048','00000000-0000-0000-0000-000000000131'),
  ('00000000-0000-0000-0001-000000000048','00000000-0000-0000-0000-000000000134'),
  ('00000000-0000-0000-0001-000000000048','00000000-0000-0000-0000-000000000155')
ON CONFLICT ON CONSTRAINT unique_player_per_match DO NOTHING;

INSERT INTO match_registrations (match_id, player_id) VALUES
  ('00000000-0000-0000-0001-000000000048','00000000-0000-0000-0000-000000000156'),
  ('00000000-0000-0000-0001-000000000048','00000000-0000-0000-0000-000000000159'),
  ('00000000-0000-0000-0001-000000000049','00000000-0000-0000-0000-000000000101'),
  ('00000000-0000-0000-0001-000000000049','00000000-0000-0000-0000-000000000103'),
  ('00000000-0000-0000-0001-000000000049','00000000-0000-0000-0000-000000000106'),
  ('00000000-0000-0000-0001-000000000049','00000000-0000-0000-0000-000000000108'),
  ('00000000-0000-0000-0001-000000000049','00000000-0000-0000-0000-000000000117'),
  ('00000000-0000-0000-0001-000000000049','00000000-0000-0000-0000-000000000121'),
  ('00000000-0000-0000-0001-000000000049','00000000-0000-0000-0000-000000000126'),
  ('00000000-0000-0000-0001-000000000049','00000000-0000-0000-0000-000000000130'),
  ('00000000-0000-0000-0001-000000000049','00000000-0000-0000-0000-000000000136'),
  ('00000000-0000-0000-0001-000000000049','00000000-0000-0000-0000-000000000140'),
  ('00000000-0000-0000-0001-000000000049','00000000-0000-0000-0000-000000000155'),
  ('00000000-0000-0000-0001-000000000049','00000000-0000-0000-0000-000000000178'),
  ('00000000-0000-0000-0001-000000000050','00000000-0000-0000-0000-000000000104'),
  ('00000000-0000-0000-0001-000000000050','00000000-0000-0000-0000-000000000113'),
  ('00000000-0000-0000-0001-000000000050','00000000-0000-0000-0000-000000000114'),
  ('00000000-0000-0000-0001-000000000050','00000000-0000-0000-0000-000000000118'),
  ('00000000-0000-0000-0001-000000000050','00000000-0000-0000-0000-000000000124'),
  ('00000000-0000-0000-0001-000000000050','00000000-0000-0000-0000-000000000127'),
  ('00000000-0000-0000-0001-000000000050','00000000-0000-0000-0000-000000000129'),
  ('00000000-0000-0000-0001-000000000050','00000000-0000-0000-0000-000000000134'),
  ('00000000-0000-0000-0001-000000000050','00000000-0000-0000-0000-000000000137'),
  ('00000000-0000-0000-0001-000000000050','00000000-0000-0000-0000-000000000150'),
  ('00000000-0000-0000-0001-000000000050','00000000-0000-0000-0000-000000000151'),
  ('00000000-0000-0000-0001-000000000050','00000000-0000-0000-0000-000000000174'),
  ('00000000-0000-0000-0001-000000000050','00000000-0000-0000-0000-000000000175'),
  ('00000000-0000-0000-0001-000000000051','00000000-0000-0000-0000-000000000102'),
  ('00000000-0000-0000-0001-000000000051','00000000-0000-0000-0000-000000000108'),
  ('00000000-0000-0000-0001-000000000051','00000000-0000-0000-0000-000000000119'),
  ('00000000-0000-0000-0001-000000000051','00000000-0000-0000-0000-000000000129'),
  ('00000000-0000-0000-0001-000000000051','00000000-0000-0000-0000-000000000133'),
  ('00000000-0000-0000-0001-000000000051','00000000-0000-0000-0000-000000000160'),
  ('00000000-0000-0000-0001-000000000052','00000000-0000-0000-0000-000000000101'),
  ('00000000-0000-0000-0001-000000000052','00000000-0000-0000-0000-000000000106'),
  ('00000000-0000-0000-0001-000000000052','00000000-0000-0000-0000-000000000111'),
  ('00000000-0000-0000-0001-000000000052','00000000-0000-0000-0000-000000000120'),
  ('00000000-0000-0000-0001-000000000052','00000000-0000-0000-0000-000000000127'),
  ('00000000-0000-0000-0001-000000000052','00000000-0000-0000-0000-000000000141'),
  ('00000000-0000-0000-0001-000000000052','00000000-0000-0000-0000-000000000162'),
  ('00000000-0000-0000-0001-000000000053','00000000-0000-0000-0000-000000000108'),
  ('00000000-0000-0000-0001-000000000053','00000000-0000-0000-0000-000000000110'),
  ('00000000-0000-0000-0001-000000000053','00000000-0000-0000-0000-000000000119'),
  ('00000000-0000-0000-0001-000000000053','00000000-0000-0000-0000-000000000130'),
  ('00000000-0000-0000-0001-000000000053','00000000-0000-0000-0000-000000000134'),
  ('00000000-0000-0000-0001-000000000053','00000000-0000-0000-0000-000000000153'),
  ('00000000-0000-0000-0001-000000000053','00000000-0000-0000-0000-000000000164'),
  ('00000000-0000-0000-0001-000000000054','00000000-0000-0000-0000-000000000110'),
  ('00000000-0000-0000-0001-000000000054','00000000-0000-0000-0000-000000000113'),
  ('00000000-0000-0000-0001-000000000054','00000000-0000-0000-0000-000000000116')
ON CONFLICT ON CONSTRAINT unique_player_per_match DO NOTHING;

INSERT INTO match_registrations (match_id, player_id) VALUES
  ('00000000-0000-0000-0001-000000000054','00000000-0000-0000-0000-000000000118'),
  ('00000000-0000-0000-0001-000000000054','00000000-0000-0000-0000-000000000125'),
  ('00000000-0000-0000-0001-000000000054','00000000-0000-0000-0000-000000000127'),
  ('00000000-0000-0000-0001-000000000054','00000000-0000-0000-0000-000000000130'),
  ('00000000-0000-0000-0001-000000000054','00000000-0000-0000-0000-000000000131'),
  ('00000000-0000-0000-0001-000000000054','00000000-0000-0000-0000-000000000132'),
  ('00000000-0000-0000-0001-000000000054','00000000-0000-0000-0000-000000000141'),
  ('00000000-0000-0000-0001-000000000054','00000000-0000-0000-0000-000000000147'),
  ('00000000-0000-0000-0001-000000000054','00000000-0000-0000-0000-000000000161'),
  ('00000000-0000-0000-0001-000000000055','00000000-0000-0000-0000-000000000105'),
  ('00000000-0000-0000-0001-000000000055','00000000-0000-0000-0000-000000000118'),
  ('00000000-0000-0000-0001-000000000055','00000000-0000-0000-0000-000000000122'),
  ('00000000-0000-0000-0001-000000000055','00000000-0000-0000-0000-000000000127'),
  ('00000000-0000-0000-0001-000000000055','00000000-0000-0000-0000-000000000178'),
  ('00000000-0000-0000-0001-000000000055','00000000-0000-0000-0000-000000000183')
ON CONFLICT ON CONSTRAINT unique_player_per_match DO NOTHING;

-- =====================================================
-- UPDATE STATUS
-- =====================================================

UPDATE matches SET status = 'completed' WHERE id IN (
  '00000000-0000-0000-0001-000000000001',
  '00000000-0000-0000-0001-000000000002',
  '00000000-0000-0000-0001-000000000003',
  '00000000-0000-0000-0001-000000000004',
  '00000000-0000-0000-0001-000000000005',
  '00000000-0000-0000-0001-000000000006',
  '00000000-0000-0000-0001-000000000007',
  '00000000-0000-0000-0001-000000000008',
  '00000000-0000-0000-0001-000000000009',
  '00000000-0000-0000-0001-000000000010',
  '00000000-0000-0000-0001-000000000011',
  '00000000-0000-0000-0001-000000000012',
  '00000000-0000-0000-0001-000000000013',
  '00000000-0000-0000-0001-000000000014',
  '00000000-0000-0000-0001-000000000015',
  '00000000-0000-0000-0001-000000000016',
  '00000000-0000-0000-0001-000000000017',
  '00000000-0000-0000-0001-000000000018',
  '00000000-0000-0000-0001-000000000019',
  '00000000-0000-0000-0001-000000000020',
  '00000000-0000-0000-0001-000000000021',
  '00000000-0000-0000-0001-000000000022',
  '00000000-0000-0000-0001-000000000023',
  '00000000-0000-0000-0001-000000000024',
  '00000000-0000-0000-0001-000000000025',
  '00000000-0000-0000-0001-000000000026',
  '00000000-0000-0000-0001-000000000027',
  '00000000-0000-0000-0001-000000000028',
  '00000000-0000-0000-0001-000000000029',
  '00000000-0000-0000-0001-000000000030',
  '00000000-0000-0000-0001-000000000031',
  '00000000-0000-0000-0001-000000000032',
  '00000000-0000-0000-0001-000000000033',
  '00000000-0000-0000-0001-000000000034',
  '00000000-0000-0000-0001-000000000035',
  '00000000-0000-0000-0001-000000000036',
  '00000000-0000-0000-0001-000000000037',
  '00000000-0000-0000-0001-000000000038',
  '00000000-0000-0000-0001-000000000039',
  '00000000-0000-0000-0001-000000000040',
  '00000000-0000-0000-0001-000000000041',
  '00000000-0000-0000-0001-000000000042',
  '00000000-0000-0000-0001-000000000043',
  '00000000-0000-0000-0001-000000000044',
  '00000000-0000-0000-0001-000000000045',
  '00000000-0000-0000-0001-000000000046',
  '00000000-0000-0000-0001-000000000047',
  '00000000-0000-0000-0001-000000000048',
  '00000000-0000-0000-0001-000000000049'
);

UPDATE matches SET status = 'in_progress' WHERE id = '00000000-0000-0000-0001-000000000050';

-- =====================================================
-- MATCH RESULTS (completed matches)
-- =====================================================

INSERT INTO match_results (match_id, operator_id, score_team_a, score_team_b, duration_minutes, match_quality, notes) VALUES
  ('00000000-0000-0000-0001-000000000001','00000000-0000-0000-0002-000000000002',4,2,60,'excellent','Match serré, résultat mérité.'),
  ('00000000-0000-0000-0001-000000000002','00000000-0000-0000-0002-000000000001',5,2,60,'excellent','Les équipes étaient bien équilibrées.'),
  ('00000000-0000-0000-0001-000000000003','00000000-0000-0000-0002-000000000001',7,2,90,'average','Belles combinaisons, du beau jeu.'),
  ('00000000-0000-0000-0001-000000000004','00000000-0000-0000-0002-000000000002',3,2,60,'good','Belles combinaisons, du beau jeu.'),
  ('00000000-0000-0000-0001-000000000005','00000000-0000-0000-0002-000000000001',6,7,90,'good','Grosse ambiance ! Quelques beaux buts.'),
  ('00000000-0000-0000-0001-000000000006','00000000-0000-0000-0002-000000000001',3,6,90,'good','Beau match, fair-play exemplaire.'),
  ('00000000-0000-0000-0001-000000000007','00000000-0000-0000-0002-000000000002',0,5,90,'good','Match intense du début à la fin.'),
  ('00000000-0000-0000-0001-000000000008','00000000-0000-0000-0002-000000000002',6,6,90,'good','Gros match ! Ambiance de folie.'),
  ('00000000-0000-0000-0001-000000000009','00000000-0000-0000-0002-000000000001',2,7,90,'excellent','Niveau élevé, les deux équipes ont bien joué.'),
  ('00000000-0000-0000-0001-000000000010','00000000-0000-0000-0002-000000000002',5,1,90,'average','Match très équilibré, belle intensité.'),
  ('00000000-0000-0000-0001-000000000011','00000000-0000-0000-0002-000000000002',7,0,90,'good','Niveau élevé, les deux équipes ont bien joué.'),
  ('00000000-0000-0000-0001-000000000012','00000000-0000-0000-0002-000000000001',3,5,60,'good','Match très équilibré, belle intensité.'),
  ('00000000-0000-0000-0001-000000000013','00000000-0000-0000-0002-000000000001',7,4,90,'good','Les équipes étaient bien équilibrées.'),
  ('00000000-0000-0000-0001-000000000014','00000000-0000-0000-0002-000000000001',6,1,90,'good','Gros match ! Ambiance de folie.'),
  ('00000000-0000-0000-0001-000000000015','00000000-0000-0000-0002-000000000002',4,3,60,'good','Gros match ! Ambiance de folie.'),
  ('00000000-0000-0000-0001-000000000016','00000000-0000-0000-0002-000000000002',7,0,90,'excellent','Match très équilibré, belle intensité.'),
  ('00000000-0000-0000-0001-000000000017','00000000-0000-0000-0002-000000000002',3,4,90,'good','Beau spectacle sous les projecteurs.'),
  ('00000000-0000-0000-0001-000000000018','00000000-0000-0000-0002-000000000001',1,6,90,'excellent','Gros match ! Ambiance de folie.'),
  ('00000000-0000-0000-0001-000000000019','00000000-0000-0000-0002-000000000002',1,7,90,'good','Beau spectacle sous les projecteurs.'),
  ('00000000-0000-0000-0001-000000000020','00000000-0000-0000-0002-000000000001',4,0,90,'excellent','Super soirée foot, tout le monde a kiffé.'),
  ('00000000-0000-0000-0001-000000000021','00000000-0000-0000-0002-000000000002',0,4,90,'good','Super soirée foot, tout le monde a kiffé.'),
  ('00000000-0000-0000-0001-000000000022','00000000-0000-0000-0002-000000000001',3,1,60,'good','Belles combinaisons, du beau jeu.'),
  ('00000000-0000-0000-0001-000000000023','00000000-0000-0000-0002-000000000002',3,4,60,'good','Niveau élevé, les deux équipes ont bien joué.'),
  ('00000000-0000-0000-0001-000000000024','00000000-0000-0000-0002-000000000001',2,2,90,'excellent','Les équipes étaient bien équilibrées.'),
  ('00000000-0000-0000-0001-000000000025','00000000-0000-0000-0002-000000000001',6,3,90,'average','Les équipes étaient bien équilibrées.'),
  ('00000000-0000-0000-0001-000000000026','00000000-0000-0000-0002-000000000001',1,1,60,'average','Gros match ! Ambiance de folie.'),
  ('00000000-0000-0000-0001-000000000027','00000000-0000-0000-0002-000000000001',4,7,90,'good','Gros match ! Ambiance de folie.'),
  ('00000000-0000-0000-0001-000000000028','00000000-0000-0000-0002-000000000001',0,3,60,'good','Gros match ! Ambiance de folie.'),
  ('00000000-0000-0000-0001-000000000029','00000000-0000-0000-0002-000000000002',2,1,90,'average','Super soirée foot, tout le monde a kiffé.'),
  ('00000000-0000-0000-0001-000000000030','00000000-0000-0000-0002-000000000002',4,6,90,'good','Match serré, résultat mérité.'),
  ('00000000-0000-0000-0001-000000000031','00000000-0000-0000-0002-000000000001',3,2,60,'good','Beau match, fair-play exemplaire.'),
  ('00000000-0000-0000-0001-000000000032','00000000-0000-0000-0002-000000000002',3,0,60,'good','Beau match, fair-play exemplaire.'),
  ('00000000-0000-0000-0001-000000000033','00000000-0000-0000-0002-000000000001',5,4,90,'good','Match serré, résultat mérité.'),
  ('00000000-0000-0000-0001-000000000034','00000000-0000-0000-0002-000000000001',0,5,60,'average','Match serré, résultat mérité.'),
  ('00000000-0000-0000-0001-000000000035','00000000-0000-0000-0002-000000000001',0,4,60,'good','Beau spectacle sous les projecteurs.'),
  ('00000000-0000-0000-0001-000000000036','00000000-0000-0000-0002-000000000001',0,7,90,'good','Grosse ambiance ! Quelques beaux buts.'),
  ('00000000-0000-0000-0001-000000000037','00000000-0000-0000-0002-000000000002',4,2,60,'good','Gros match ! Ambiance de folie.'),
  ('00000000-0000-0000-0001-000000000038','00000000-0000-0000-0002-000000000001',3,4,90,'good','Beau spectacle sous les projecteurs.'),
  ('00000000-0000-0000-0001-000000000039','00000000-0000-0000-0002-000000000002',5,5,60,'good','Gros match ! Ambiance de folie.'),
  ('00000000-0000-0000-0001-000000000040','00000000-0000-0000-0002-000000000001',0,5,60,'good','Bon match, beau spectacle des deux côtés.'),
  ('00000000-0000-0000-0001-000000000041','00000000-0000-0000-0002-000000000001',2,3,60,'excellent','Les équipes étaient bien équilibrées.'),
  ('00000000-0000-0000-0001-000000000042','00000000-0000-0000-0002-000000000002',2,5,60,'good','Match très équilibré, belle intensité.'),
  ('00000000-0000-0000-0001-000000000043','00000000-0000-0000-0002-000000000002',2,2,60,'good','Beau match, fair-play exemplaire.'),
  ('00000000-0000-0000-0001-000000000044','00000000-0000-0000-0002-000000000002',2,3,90,'good','Belles combinaisons, du beau jeu.'),
  ('00000000-0000-0000-0001-000000000045','00000000-0000-0000-0002-000000000001',5,4,90,'good','Match serré, résultat mérité.'),
  ('00000000-0000-0000-0001-000000000046','00000000-0000-0000-0002-000000000001',7,4,90,'good','Super soirée foot, tout le monde a kiffé.'),
  ('00000000-0000-0000-0001-000000000047','00000000-0000-0000-0002-000000000001',0,3,60,'excellent','Niveau élevé, les deux équipes ont bien joué.'),
  ('00000000-0000-0000-0001-000000000048','00000000-0000-0000-0002-000000000001',3,6,90,'excellent','Super soirée foot, tout le monde a kiffé.'),
  ('00000000-0000-0000-0001-000000000049','00000000-0000-0000-0002-000000000002',1,6,90,'excellent','Match serré, résultat mérité.')
ON CONFLICT (match_id) DO NOTHING;

-- =====================================================
-- MATCH PLAYER STATS (triggers auto-calculate career stats)
-- =====================================================

INSERT INTO match_player_stats (match_id, user_id, team, goals, assists, attended, mvp, yellow_card, red_card) VALUES
  ('00000000-0000-0000-0001-000000000001','00000000-0000-0000-0000-000000000107','A',1,1,true,false,false,false),
  ('00000000-0000-0000-0001-000000000001','00000000-0000-0000-0000-000000000188','A',0,0,true,false,false,false),
  ('00000000-0000-0000-0001-000000000001','00000000-0000-0000-0000-000000000125','A',0,1,true,false,false,false),
  ('00000000-0000-0000-0001-000000000001','00000000-0000-0000-0000-000000000118','A',2,0,true,true,false,false),
  ('00000000-0000-0000-0001-000000000001','00000000-0000-0000-0000-000000000160','A',1,0,true,false,false,false),
  ('00000000-0000-0000-0001-000000000001','00000000-0000-0000-0000-000000000156','B',1,0,true,false,false,false),
  ('00000000-0000-0000-0001-000000000001','00000000-0000-0000-0000-000000000116','B',1,0,true,false,false,false),
  ('00000000-0000-0000-0001-000000000001','00000000-0000-0000-0000-000000000169','B',0,0,true,false,false,false),
  ('00000000-0000-0000-0001-000000000001','00000000-0000-0000-0000-000000000111','B',0,0,true,false,false,false),
  ('00000000-0000-0000-0001-000000000001','00000000-0000-0000-0000-000000000182','B',0,0,true,false,false,false),
  ('00000000-0000-0000-0001-000000000002','00000000-0000-0000-0000-000000000115','A',3,1,true,true,false,false),
  ('00000000-0000-0000-0001-000000000002','00000000-0000-0000-0000-000000000191','A',2,1,true,false,true,false),
  ('00000000-0000-0000-0001-000000000002','00000000-0000-0000-0000-000000000102','A',0,1,true,false,false,false),
  ('00000000-0000-0000-0001-000000000002','00000000-0000-0000-0000-000000000130','A',0,0,true,false,false,false),
  ('00000000-0000-0000-0001-000000000002','00000000-0000-0000-0000-000000000190','B',0,2,true,false,false,false),
  ('00000000-0000-0000-0001-000000000002','00000000-0000-0000-0000-000000000123','B',0,0,true,false,false,false),
  ('00000000-0000-0000-0001-000000000002','00000000-0000-0000-0000-000000000184','B',0,0,true,false,false,false),
  ('00000000-0000-0000-0001-000000000002','00000000-0000-0000-0000-000000000113','B',0,0,true,false,false,false),
  ('00000000-0000-0000-0001-000000000002','00000000-0000-0000-0000-000000000120','B',2,0,true,false,false,false),
  ('00000000-0000-0000-0001-000000000003','00000000-0000-0000-0000-000000000105','A',2,1,true,true,false,false),
  ('00000000-0000-0000-0001-000000000003','00000000-0000-0000-0000-000000000102','A',1,1,true,false,false,false),
  ('00000000-0000-0000-0001-000000000003','00000000-0000-0000-0000-000000000108','A',2,0,true,false,false,false),
  ('00000000-0000-0000-0001-000000000003','00000000-0000-0000-0000-000000000122','A',0,2,true,false,false,false),
  ('00000000-0000-0000-0001-000000000003','00000000-0000-0000-0000-000000000157','A',1,0,true,false,false,false),
  ('00000000-0000-0000-0001-000000000003','00000000-0000-0000-0000-000000000153','A',1,1,true,false,false,false),
  ('00000000-0000-0000-0001-000000000003','00000000-0000-0000-0000-000000000139','B',0,0,true,false,false,false),
  ('00000000-0000-0000-0001-000000000003','00000000-0000-0000-0000-000000000123','B',0,0,true,false,false,false),
  ('00000000-0000-0000-0001-000000000003','00000000-0000-0000-0000-000000000178','B',0,0,true,false,false,false),
  ('00000000-0000-0000-0001-000000000003','00000000-0000-0000-0000-000000000196','B',1,0,true,false,true,false),
  ('00000000-0000-0000-0001-000000000003','00000000-0000-0000-0000-000000000136','B',0,0,true,false,false,false),
  ('00000000-0000-0000-0001-000000000003','00000000-0000-0000-0000-000000000126','B',0,0,true,false,true,false),
  ('00000000-0000-0000-0001-000000000003','00000000-0000-0000-0000-000000000118','B',1,0,true,false,false,false),
  ('00000000-0000-0000-0001-000000000004','00000000-0000-0000-0000-000000000147','A',1,0,true,false,false,false),
  ('00000000-0000-0000-0001-000000000004','00000000-0000-0000-0000-000000000128','A',0,1,true,false,false,false),
  ('00000000-0000-0000-0001-000000000004','00000000-0000-0000-0000-000000000107','A',1,0,true,false,false,false),
  ('00000000-0000-0000-0001-000000000004','00000000-0000-0000-0000-000000000112','A',1,1,true,true,false,false),
  ('00000000-0000-0000-0001-000000000004','00000000-0000-0000-0000-000000000103','B',0,1,true,false,false,false),
  ('00000000-0000-0000-0001-000000000004','00000000-0000-0000-0000-000000000167','B',0,0,true,false,false,false),
  ('00000000-0000-0000-0001-000000000004','00000000-0000-0000-0000-000000000145','B',1,0,true,false,false,false),
  ('00000000-0000-0000-0001-000000000004','00000000-0000-0000-0000-000000000117','B',0,0,true,false,false,false),
  ('00000000-0000-0000-0001-000000000004','00000000-0000-0000-0000-000000000123','B',1,0,true,false,false,false),
  ('00000000-0000-0000-0001-000000000005','00000000-0000-0000-0000-000000000136','A',0,1,true,false,false,false),
  ('00000000-0000-0000-0001-000000000005','00000000-0000-0000-0000-000000000117','A',2,0,true,false,true,false),
  ('00000000-0000-0000-0001-000000000005','00000000-0000-0000-0000-000000000101','A',0,1,true,false,false,false),
  ('00000000-0000-0000-0001-000000000005','00000000-0000-0000-0000-000000000144','A',0,0,true,false,false,false),
  ('00000000-0000-0000-0001-000000000005','00000000-0000-0000-0000-000000000125','A',2,1,true,false,false,false),
  ('00000000-0000-0000-0001-000000000005','00000000-0000-0000-0000-000000000108','A',2,1,true,false,false,false),
  ('00000000-0000-0000-0001-000000000005','00000000-0000-0000-0000-000000000128','B',0,1,true,false,false,false),
  ('00000000-0000-0000-0001-000000000005','00000000-0000-0000-0000-000000000113','B',0,0,true,false,false,false),
  ('00000000-0000-0000-0001-000000000005','00000000-0000-0000-0000-000000000162','B',0,0,false,false,false,false)
ON CONFLICT ON CONSTRAINT unique_player_stats_per_match DO NOTHING;

INSERT INTO match_player_stats (match_id, user_id, team, goals, assists, attended, mvp, yellow_card, red_card) VALUES
  ('00000000-0000-0000-0001-000000000005','00000000-0000-0000-0000-000000000187','B',1,0,true,false,false,false),
  ('00000000-0000-0000-0001-000000000005','00000000-0000-0000-0000-000000000148','B',4,0,true,true,false,false),
  ('00000000-0000-0000-0001-000000000005','00000000-0000-0000-0000-000000000137','B',1,1,true,false,true,false),
  ('00000000-0000-0000-0001-000000000005','00000000-0000-0000-0000-000000000103','B',0,0,true,false,false,false),
  ('00000000-0000-0000-0001-000000000006','00000000-0000-0000-0000-000000000122','A',0,0,true,false,false,false),
  ('00000000-0000-0000-0001-000000000006','00000000-0000-0000-0000-000000000156','A',0,1,true,false,false,false),
  ('00000000-0000-0000-0001-000000000006','00000000-0000-0000-0000-000000000155','A',2,1,true,false,false,false),
  ('00000000-0000-0000-0001-000000000006','00000000-0000-0000-0000-000000000105','A',0,0,false,false,false,false),
  ('00000000-0000-0000-0001-000000000006','00000000-0000-0000-0000-000000000169','A',1,0,true,false,false,false),
  ('00000000-0000-0000-0001-000000000006','00000000-0000-0000-0000-000000000170','A',0,0,true,false,false,false),
  ('00000000-0000-0000-0001-000000000006','00000000-0000-0000-0000-000000000128','B',1,0,true,false,false,false),
  ('00000000-0000-0000-0001-000000000006','00000000-0000-0000-0000-000000000150','B',2,0,true,false,false,false),
  ('00000000-0000-0000-0001-000000000006','00000000-0000-0000-0000-000000000124','B',0,1,true,false,false,false),
  ('00000000-0000-0000-0001-000000000006','00000000-0000-0000-0000-000000000113','B',2,1,true,true,false,false),
  ('00000000-0000-0000-0001-000000000006','00000000-0000-0000-0000-000000000165','B',0,0,true,false,false,false),
  ('00000000-0000-0000-0001-000000000006','00000000-0000-0000-0000-000000000121','B',1,0,true,false,false,false),
  ('00000000-0000-0000-0001-000000000007','00000000-0000-0000-0000-000000000141','A',0,0,true,false,false,false),
  ('00000000-0000-0000-0001-000000000007','00000000-0000-0000-0000-000000000127','A',0,0,true,false,false,false),
  ('00000000-0000-0000-0001-000000000007','00000000-0000-0000-0000-000000000121','A',0,0,true,false,false,false),
  ('00000000-0000-0000-0001-000000000007','00000000-0000-0000-0000-000000000119','A',0,0,true,false,false,false),
  ('00000000-0000-0000-0001-000000000007','00000000-0000-0000-0000-000000000156','A',0,0,true,false,true,false),
  ('00000000-0000-0000-0001-000000000007','00000000-0000-0000-0000-000000000120','A',0,0,true,false,false,false),
  ('00000000-0000-0000-0001-000000000007','00000000-0000-0000-0000-000000000113','B',0,1,true,false,false,false),
  ('00000000-0000-0000-0001-000000000007','00000000-0000-0000-0000-000000000125','B',0,0,false,false,false,false),
  ('00000000-0000-0000-0001-000000000007','00000000-0000-0000-0000-000000000135','B',0,1,true,false,false,false),
  ('00000000-0000-0000-0001-000000000007','00000000-0000-0000-0000-000000000160','B',2,0,true,true,false,false),
  ('00000000-0000-0000-0001-000000000007','00000000-0000-0000-0000-000000000109','B',1,1,true,false,false,false),
  ('00000000-0000-0000-0001-000000000007','00000000-0000-0000-0000-000000000126','B',0,2,true,false,true,false),
  ('00000000-0000-0000-0001-000000000008','00000000-0000-0000-0000-000000000145','A',1,1,true,false,false,false),
  ('00000000-0000-0000-0001-000000000008','00000000-0000-0000-0000-000000000194','A',2,0,true,false,false,false),
  ('00000000-0000-0000-0001-000000000008','00000000-0000-0000-0000-000000000126','A',0,1,true,false,false,false),
  ('00000000-0000-0000-0001-000000000008','00000000-0000-0000-0000-000000000120','A',1,1,true,false,false,false),
  ('00000000-0000-0000-0001-000000000008','00000000-0000-0000-0000-000000000101','A',1,0,true,false,false,false),
  ('00000000-0000-0000-0001-000000000008','00000000-0000-0000-0000-000000000114','A',0,1,true,false,false,false),
  ('00000000-0000-0000-0001-000000000008','00000000-0000-0000-0000-000000000141','A',1,1,true,false,false,false),
  ('00000000-0000-0000-0001-000000000008','00000000-0000-0000-0000-000000000154','B',0,0,true,false,true,false),
  ('00000000-0000-0000-0001-000000000008','00000000-0000-0000-0000-000000000148','B',0,0,true,false,false,false),
  ('00000000-0000-0000-0001-000000000008','00000000-0000-0000-0000-000000000143','B',2,0,true,true,true,false),
  ('00000000-0000-0000-0001-000000000008','00000000-0000-0000-0000-000000000182','B',2,0,true,false,false,false),
  ('00000000-0000-0000-0001-000000000008','00000000-0000-0000-0000-000000000119','B',1,1,true,false,false,false),
  ('00000000-0000-0000-0001-000000000008','00000000-0000-0000-0000-000000000149','B',0,0,true,false,true,false),
  ('00000000-0000-0000-0001-000000000008','00000000-0000-0000-0000-000000000128','B',1,1,true,false,false,false),
  ('00000000-0000-0000-0001-000000000009','00000000-0000-0000-0000-000000000129','A',1,0,true,false,false,false),
  ('00000000-0000-0000-0001-000000000009','00000000-0000-0000-0000-000000000169','A',0,0,true,false,false,false),
  ('00000000-0000-0000-0001-000000000009','00000000-0000-0000-0000-000000000155','A',0,0,true,false,false,false),
  ('00000000-0000-0000-0001-000000000009','00000000-0000-0000-0000-000000000150','A',0,0,true,false,false,false),
  ('00000000-0000-0000-0001-000000000009','00000000-0000-0000-0000-000000000184','A',0,0,true,false,false,false),
  ('00000000-0000-0000-0001-000000000009','00000000-0000-0000-0000-000000000106','A',0,0,true,false,false,false),
  ('00000000-0000-0000-0001-000000000009','00000000-0000-0000-0000-000000000131','A',1,0,true,false,false,false),
  ('00000000-0000-0000-0001-000000000009','00000000-0000-0000-0000-000000000114','B',2,0,true,false,false,false)
ON CONFLICT ON CONSTRAINT unique_player_stats_per_match DO NOTHING;

INSERT INTO match_player_stats (match_id, user_id, team, goals, assists, attended, mvp, yellow_card, red_card) VALUES
  ('00000000-0000-0000-0001-000000000009','00000000-0000-0000-0000-000000000111','B',0,1,true,false,false,false),
  ('00000000-0000-0000-0001-000000000009','00000000-0000-0000-0000-000000000119','B',0,0,true,false,false,false),
  ('00000000-0000-0000-0001-000000000009','00000000-0000-0000-0000-000000000136','B',0,3,true,false,false,false),
  ('00000000-0000-0000-0001-000000000009','00000000-0000-0000-0000-000000000157','B',0,1,true,false,false,false),
  ('00000000-0000-0000-0001-000000000009','00000000-0000-0000-0000-000000000122','B',3,0,true,true,false,false),
  ('00000000-0000-0000-0001-000000000009','00000000-0000-0000-0000-000000000152','B',2,1,true,false,false,false),
  ('00000000-0000-0000-0001-000000000010','00000000-0000-0000-0000-000000000187','A',0,1,true,false,false,false),
  ('00000000-0000-0000-0001-000000000010','00000000-0000-0000-0000-000000000149','A',0,1,true,false,false,false),
  ('00000000-0000-0000-0001-000000000010','00000000-0000-0000-0000-000000000103','A',1,0,true,false,false,false),
  ('00000000-0000-0000-0001-000000000010','00000000-0000-0000-0000-000000000198','A',2,1,true,true,false,false),
  ('00000000-0000-0000-0001-000000000010','00000000-0000-0000-0000-000000000110','A',0,0,true,false,false,false),
  ('00000000-0000-0000-0001-000000000010','00000000-0000-0000-0000-000000000115','A',1,0,true,false,false,false),
  ('00000000-0000-0000-0001-000000000010','00000000-0000-0000-0000-000000000116','A',1,0,true,false,false,false),
  ('00000000-0000-0000-0001-000000000010','00000000-0000-0000-0000-000000000131','B',0,0,true,false,false,false),
  ('00000000-0000-0000-0001-000000000010','00000000-0000-0000-0000-000000000102','B',0,1,true,false,true,false),
  ('00000000-0000-0000-0001-000000000010','00000000-0000-0000-0000-000000000177','B',1,0,true,false,false,false),
  ('00000000-0000-0000-0001-000000000010','00000000-0000-0000-0000-000000000120','B',0,0,true,false,true,false),
  ('00000000-0000-0000-0001-000000000010','00000000-0000-0000-0000-000000000157','B',0,0,true,false,false,false),
  ('00000000-0000-0000-0001-000000000010','00000000-0000-0000-0000-000000000113','B',0,0,true,false,false,false),
  ('00000000-0000-0000-0001-000000000010','00000000-0000-0000-0000-000000000173','B',0,0,true,false,false,false),
  ('00000000-0000-0000-0001-000000000011','00000000-0000-0000-0000-000000000151','A',0,0,true,false,false,false),
  ('00000000-0000-0000-0001-000000000011','00000000-0000-0000-0000-000000000110','A',1,0,true,false,false,false),
  ('00000000-0000-0000-0001-000000000011','00000000-0000-0000-0000-000000000159','A',1,0,true,false,false,false),
  ('00000000-0000-0000-0001-000000000011','00000000-0000-0000-0000-000000000134','A',0,0,false,false,false,false),
  ('00000000-0000-0000-0001-000000000011','00000000-0000-0000-0000-000000000154','A',3,0,true,false,false,false),
  ('00000000-0000-0000-0001-000000000011','00000000-0000-0000-0000-000000000101','A',1,4,true,true,false,false),
  ('00000000-0000-0000-0001-000000000011','00000000-0000-0000-0000-000000000125','A',1,0,true,false,false,false),
  ('00000000-0000-0000-0001-000000000011','00000000-0000-0000-0000-000000000127','B',0,0,true,false,false,false),
  ('00000000-0000-0000-0001-000000000011','00000000-0000-0000-0000-000000000116','B',0,0,true,false,false,false),
  ('00000000-0000-0000-0001-000000000011','00000000-0000-0000-0000-000000000113','B',0,0,true,false,false,false),
  ('00000000-0000-0000-0001-000000000011','00000000-0000-0000-0000-000000000164','B',0,0,true,false,false,false),
  ('00000000-0000-0000-0001-000000000011','00000000-0000-0000-0000-000000000144','B',0,0,true,false,false,false),
  ('00000000-0000-0000-0001-000000000011','00000000-0000-0000-0000-000000000126','B',0,0,true,false,false,false),
  ('00000000-0000-0000-0001-000000000011','00000000-0000-0000-0000-000000000160','B',0,0,true,false,false,false),
  ('00000000-0000-0000-0001-000000000012','00000000-0000-0000-0000-000000000104','A',0,0,true,false,false,false),
  ('00000000-0000-0000-0001-000000000012','00000000-0000-0000-0000-000000000180','A',0,0,true,false,false,false),
  ('00000000-0000-0000-0001-000000000012','00000000-0000-0000-0000-000000000112','A',1,0,true,false,false,false),
  ('00000000-0000-0000-0001-000000000012','00000000-0000-0000-0000-000000000115','A',1,0,true,false,false,false),
  ('00000000-0000-0000-0001-000000000012','00000000-0000-0000-0000-000000000160','A',1,1,true,false,false,false),
  ('00000000-0000-0000-0001-000000000012','00000000-0000-0000-0000-000000000142','B',2,1,true,true,false,false),
  ('00000000-0000-0000-0001-000000000012','00000000-0000-0000-0000-000000000137','B',0,2,true,false,false,false),
  ('00000000-0000-0000-0001-000000000012','00000000-0000-0000-0000-000000000128','B',0,0,true,false,false,false),
  ('00000000-0000-0000-0001-000000000012','00000000-0000-0000-0000-000000000186','B',1,1,true,false,false,false),
  ('00000000-0000-0000-0001-000000000012','00000000-0000-0000-0000-000000000130','B',2,0,true,false,false,false),
  ('00000000-0000-0000-0001-000000000013','00000000-0000-0000-0000-000000000142','A',1,1,true,false,false,false),
  ('00000000-0000-0000-0001-000000000013','00000000-0000-0000-0000-000000000149','A',0,1,true,false,false,false),
  ('00000000-0000-0000-0001-000000000013','00000000-0000-0000-0000-000000000174','A',2,0,true,false,false,true),
  ('00000000-0000-0000-0001-000000000013','00000000-0000-0000-0000-000000000147','A',0,0,true,false,false,false),
  ('00000000-0000-0000-0001-000000000013','00000000-0000-0000-0000-000000000156','A',0,2,true,false,false,false),
  ('00000000-0000-0000-0001-000000000013','00000000-0000-0000-0000-000000000129','A',1,1,true,false,false,false)
ON CONFLICT ON CONSTRAINT unique_player_stats_per_match DO NOTHING;

INSERT INTO match_player_stats (match_id, user_id, team, goals, assists, attended, mvp, yellow_card, red_card) VALUES
  ('00000000-0000-0000-0001-000000000013','00000000-0000-0000-0000-000000000121','A',3,0,true,true,false,false),
  ('00000000-0000-0000-0001-000000000013','00000000-0000-0000-0000-000000000138','B',0,1,true,false,false,false),
  ('00000000-0000-0000-0001-000000000013','00000000-0000-0000-0000-000000000109','B',0,1,true,false,false,false),
  ('00000000-0000-0000-0001-000000000013','00000000-0000-0000-0000-000000000189','B',1,0,true,false,false,false),
  ('00000000-0000-0000-0001-000000000013','00000000-0000-0000-0000-000000000186','B',0,0,true,false,false,false),
  ('00000000-0000-0000-0001-000000000013','00000000-0000-0000-0000-000000000108','B',0,0,true,false,false,false),
  ('00000000-0000-0000-0001-000000000013','00000000-0000-0000-0000-000000000130','B',2,0,true,false,false,false),
  ('00000000-0000-0000-0001-000000000013','00000000-0000-0000-0000-000000000198','B',1,1,true,false,true,false),
  ('00000000-0000-0000-0001-000000000014','00000000-0000-0000-0000-000000000141','A',2,0,true,true,false,false),
  ('00000000-0000-0000-0001-000000000014','00000000-0000-0000-0000-000000000193','A',1,1,true,false,false,false),
  ('00000000-0000-0000-0001-000000000014','00000000-0000-0000-0000-000000000131','A',0,0,true,false,false,false),
  ('00000000-0000-0000-0001-000000000014','00000000-0000-0000-0000-000000000116','A',1,0,true,false,false,false),
  ('00000000-0000-0000-0001-000000000014','00000000-0000-0000-0000-000000000173','A',1,1,true,false,false,false),
  ('00000000-0000-0000-0001-000000000014','00000000-0000-0000-0000-000000000117','A',1,0,true,false,false,true),
  ('00000000-0000-0000-0001-000000000014','00000000-0000-0000-0000-000000000128','B',1,0,true,false,false,false),
  ('00000000-0000-0000-0001-000000000014','00000000-0000-0000-0000-000000000196','B',0,0,true,false,false,false),
  ('00000000-0000-0000-0001-000000000014','00000000-0000-0000-0000-000000000129','B',0,0,true,false,false,false),
  ('00000000-0000-0000-0001-000000000014','00000000-0000-0000-0000-000000000152','B',0,0,true,false,true,false),
  ('00000000-0000-0000-0001-000000000014','00000000-0000-0000-0000-000000000171','B',0,0,true,false,false,false),
  ('00000000-0000-0000-0001-000000000014','00000000-0000-0000-0000-000000000111','B',0,0,true,false,true,false),
  ('00000000-0000-0000-0001-000000000015','00000000-0000-0000-0000-000000000105','A',0,1,true,false,false,false),
  ('00000000-0000-0000-0001-000000000015','00000000-0000-0000-0000-000000000151','A',0,1,true,false,false,false),
  ('00000000-0000-0000-0001-000000000015','00000000-0000-0000-0000-000000000119','A',2,0,true,false,false,false),
  ('00000000-0000-0000-0001-000000000015','00000000-0000-0000-0000-000000000129','A',2,0,true,true,false,false),
  ('00000000-0000-0000-0001-000000000015','00000000-0000-0000-0000-000000000137','A',0,0,true,false,false,false),
  ('00000000-0000-0000-0001-000000000015','00000000-0000-0000-0000-000000000118','B',1,0,true,false,false,false),
  ('00000000-0000-0000-0001-000000000015','00000000-0000-0000-0000-000000000116','B',0,0,false,false,true,false),
  ('00000000-0000-0000-0001-000000000015','00000000-0000-0000-0000-000000000163','B',1,0,true,false,false,false),
  ('00000000-0000-0000-0001-000000000015','00000000-0000-0000-0000-000000000133','B',0,1,true,false,false,false),
  ('00000000-0000-0000-0001-000000000015','00000000-0000-0000-0000-000000000180','B',0,0,true,false,false,false),
  ('00000000-0000-0000-0001-000000000016','00000000-0000-0000-0000-000000000159','A',1,0,true,false,false,false),
  ('00000000-0000-0000-0001-000000000016','00000000-0000-0000-0000-000000000106','A',1,0,true,false,false,false),
  ('00000000-0000-0000-0001-000000000016','00000000-0000-0000-0000-000000000105','A',1,2,true,false,false,false),
  ('00000000-0000-0000-0001-000000000016','00000000-0000-0000-0000-000000000127','A',0,1,true,false,false,false),
  ('00000000-0000-0000-0001-000000000016','00000000-0000-0000-0000-000000000110','A',2,1,true,true,false,false),
  ('00000000-0000-0000-0001-000000000016','00000000-0000-0000-0000-000000000140','A',1,0,true,false,false,false),
  ('00000000-0000-0000-0001-000000000016','00000000-0000-0000-0000-000000000109','A',1,0,true,false,false,false),
  ('00000000-0000-0000-0001-000000000016','00000000-0000-0000-0000-000000000130','B',0,0,true,false,false,false),
  ('00000000-0000-0000-0001-000000000016','00000000-0000-0000-0000-000000000161','B',0,0,false,false,false,false),
  ('00000000-0000-0000-0001-000000000016','00000000-0000-0000-0000-000000000115','B',0,0,true,false,false,false),
  ('00000000-0000-0000-0001-000000000016','00000000-0000-0000-0000-000000000125','B',0,0,true,false,true,false),
  ('00000000-0000-0000-0001-000000000016','00000000-0000-0000-0000-000000000122','B',0,0,true,false,false,false),
  ('00000000-0000-0000-0001-000000000016','00000000-0000-0000-0000-000000000121','B',0,0,false,false,false,false),
  ('00000000-0000-0000-0001-000000000016','00000000-0000-0000-0000-000000000114','B',0,0,false,false,false,false),
  ('00000000-0000-0000-0001-000000000017','00000000-0000-0000-0000-000000000144','A',1,0,true,false,true,false),
  ('00000000-0000-0000-0001-000000000017','00000000-0000-0000-0000-000000000101','A',0,0,true,false,false,false),
  ('00000000-0000-0000-0001-000000000017','00000000-0000-0000-0000-000000000120','A',0,0,true,false,false,false),
  ('00000000-0000-0000-0001-000000000017','00000000-0000-0000-0000-000000000114','A',0,0,true,false,false,false),
  ('00000000-0000-0000-0001-000000000017','00000000-0000-0000-0000-000000000145','A',0,1,true,false,false,false),
  ('00000000-0000-0000-0001-000000000017','00000000-0000-0000-0000-000000000160','A',2,0,true,false,true,false)
ON CONFLICT ON CONSTRAINT unique_player_stats_per_match DO NOTHING;

INSERT INTO match_player_stats (match_id, user_id, team, goals, assists, attended, mvp, yellow_card, red_card) VALUES
  ('00000000-0000-0000-0001-000000000017','00000000-0000-0000-0000-000000000176','A',0,0,true,false,false,false),
  ('00000000-0000-0000-0001-000000000017','00000000-0000-0000-0000-000000000132','B',2,1,true,true,false,false),
  ('00000000-0000-0000-0001-000000000017','00000000-0000-0000-0000-000000000173','B',0,0,true,false,false,false),
  ('00000000-0000-0000-0001-000000000017','00000000-0000-0000-0000-000000000178','B',0,0,true,false,false,false),
  ('00000000-0000-0000-0001-000000000017','00000000-0000-0000-0000-000000000102','B',0,1,true,false,true,false),
  ('00000000-0000-0000-0001-000000000017','00000000-0000-0000-0000-000000000127','B',1,0,true,false,false,false),
  ('00000000-0000-0000-0001-000000000017','00000000-0000-0000-0000-000000000123','B',0,0,true,false,false,false),
  ('00000000-0000-0000-0001-000000000017','00000000-0000-0000-0000-000000000125','B',1,1,true,false,false,false),
  ('00000000-0000-0000-0001-000000000018','00000000-0000-0000-0000-000000000127','A',0,0,true,false,false,false),
  ('00000000-0000-0000-0001-000000000018','00000000-0000-0000-0000-000000000148','A',0,0,true,false,false,false),
  ('00000000-0000-0000-0001-000000000018','00000000-0000-0000-0000-000000000115','A',1,0,true,false,false,false),
  ('00000000-0000-0000-0001-000000000018','00000000-0000-0000-0000-000000000128','A',0,0,true,false,false,false),
  ('00000000-0000-0000-0001-000000000018','00000000-0000-0000-0000-000000000140','A',0,0,true,false,false,false),
  ('00000000-0000-0000-0001-000000000018','00000000-0000-0000-0000-000000000102','A',0,0,true,false,false,false),
  ('00000000-0000-0000-0001-000000000018','00000000-0000-0000-0000-000000000169','B',0,2,true,false,false,false),
  ('00000000-0000-0000-0001-000000000018','00000000-0000-0000-0000-000000000133','B',2,1,true,false,false,true),
  ('00000000-0000-0000-0001-000000000018','00000000-0000-0000-0000-000000000185','B',3,0,true,true,false,false),
  ('00000000-0000-0000-0001-000000000018','00000000-0000-0000-0000-000000000118','B',0,2,true,false,false,false),
  ('00000000-0000-0000-0001-000000000018','00000000-0000-0000-0000-000000000172','B',1,1,true,false,false,false),
  ('00000000-0000-0000-0001-000000000018','00000000-0000-0000-0000-000000000139','B',0,0,true,false,false,false),
  ('00000000-0000-0000-0001-000000000019','00000000-0000-0000-0000-000000000109','A',0,0,true,false,true,false),
  ('00000000-0000-0000-0001-000000000019','00000000-0000-0000-0000-000000000146','A',0,0,true,false,false,false),
  ('00000000-0000-0000-0001-000000000019','00000000-0000-0000-0000-000000000150','A',0,0,true,false,false,false),
  ('00000000-0000-0000-0001-000000000019','00000000-0000-0000-0000-000000000166','A',1,0,true,false,false,false),
  ('00000000-0000-0000-0001-000000000019','00000000-0000-0000-0000-000000000102','A',0,0,true,false,false,false),
  ('00000000-0000-0000-0001-000000000019','00000000-0000-0000-0000-000000000130','A',0,0,true,false,false,false),
  ('00000000-0000-0000-0001-000000000019','00000000-0000-0000-0000-000000000139','B',3,1,true,true,false,false),
  ('00000000-0000-0000-0001-000000000019','00000000-0000-0000-0000-000000000111','B',1,0,true,false,false,false),
  ('00000000-0000-0000-0001-000000000019','00000000-0000-0000-0000-000000000156','B',1,0,true,false,false,false),
  ('00000000-0000-0000-0001-000000000019','00000000-0000-0000-0000-000000000185','B',0,0,true,false,false,false),
  ('00000000-0000-0000-0001-000000000019','00000000-0000-0000-0000-000000000126','B',1,1,true,false,false,false),
  ('00000000-0000-0000-0001-000000000019','00000000-0000-0000-0000-000000000157','B',1,0,true,false,false,false),
  ('00000000-0000-0000-0001-000000000020','00000000-0000-0000-0000-000000000109','A',0,1,true,false,false,false),
  ('00000000-0000-0000-0001-000000000020','00000000-0000-0000-0000-000000000125','A',1,0,true,false,true,false),
  ('00000000-0000-0000-0001-000000000020','00000000-0000-0000-0000-000000000106','A',1,0,true,false,false,false),
  ('00000000-0000-0000-0001-000000000020','00000000-0000-0000-0000-000000000153','A',0,0,true,false,false,false),
  ('00000000-0000-0000-0001-000000000020','00000000-0000-0000-0000-000000000117','A',0,1,true,false,false,false),
  ('00000000-0000-0000-0001-000000000020','00000000-0000-0000-0000-000000000121','A',2,0,true,true,false,false),
  ('00000000-0000-0000-0001-000000000020','00000000-0000-0000-0000-000000000122','A',0,1,true,false,false,false),
  ('00000000-0000-0000-0001-000000000020','00000000-0000-0000-0000-000000000128','B',0,0,true,false,false,false),
  ('00000000-0000-0000-0001-000000000020','00000000-0000-0000-0000-000000000114','B',0,0,true,false,false,false),
  ('00000000-0000-0000-0001-000000000020','00000000-0000-0000-0000-000000000130','B',0,0,true,false,false,false),
  ('00000000-0000-0000-0001-000000000020','00000000-0000-0000-0000-000000000175','B',0,0,true,false,false,false),
  ('00000000-0000-0000-0001-000000000020','00000000-0000-0000-0000-000000000102','B',0,0,true,false,false,false),
  ('00000000-0000-0000-0001-000000000020','00000000-0000-0000-0000-000000000112','B',0,0,true,false,false,false),
  ('00000000-0000-0000-0001-000000000020','00000000-0000-0000-0000-000000000104','B',0,0,true,false,false,false),
  ('00000000-0000-0000-0001-000000000021','00000000-0000-0000-0000-000000000106','A',0,0,false,false,false,false),
  ('00000000-0000-0000-0001-000000000021','00000000-0000-0000-0000-000000000123','A',0,0,true,false,false,false),
  ('00000000-0000-0000-0001-000000000021','00000000-0000-0000-0000-000000000140','A',0,0,true,false,false,false),
  ('00000000-0000-0000-0001-000000000021','00000000-0000-0000-0000-000000000117','A',0,0,true,false,false,false)
ON CONFLICT ON CONSTRAINT unique_player_stats_per_match DO NOTHING;

INSERT INTO match_player_stats (match_id, user_id, team, goals, assists, attended, mvp, yellow_card, red_card) VALUES
  ('00000000-0000-0000-0001-000000000021','00000000-0000-0000-0000-000000000102','A',0,0,true,false,false,false),
  ('00000000-0000-0000-0001-000000000021','00000000-0000-0000-0000-000000000104','B',0,0,false,false,false,false),
  ('00000000-0000-0000-0001-000000000021','00000000-0000-0000-0000-000000000115','B',0,0,true,false,false,false),
  ('00000000-0000-0000-0001-000000000021','00000000-0000-0000-0000-000000000172','B',1,0,true,false,false,false),
  ('00000000-0000-0000-0001-000000000021','00000000-0000-0000-0000-000000000173','B',1,0,true,true,false,false),
  ('00000000-0000-0000-0001-000000000021','00000000-0000-0000-0000-000000000131','B',0,1,true,false,false,false),
  ('00000000-0000-0000-0001-000000000021','00000000-0000-0000-0000-000000000127','B',1,0,true,false,false,false),
  ('00000000-0000-0000-0001-000000000022','00000000-0000-0000-0000-000000000150','A',0,0,true,false,false,false),
  ('00000000-0000-0000-0001-000000000022','00000000-0000-0000-0000-000000000113','A',1,0,true,false,false,false),
  ('00000000-0000-0000-0001-000000000022','00000000-0000-0000-0000-000000000116','A',1,1,true,false,false,false),
  ('00000000-0000-0000-0001-000000000022','00000000-0000-0000-0000-000000000109','A',1,1,true,true,false,false),
  ('00000000-0000-0000-0001-000000000022','00000000-0000-0000-0000-000000000102','B',1,0,true,false,false,false),
  ('00000000-0000-0000-0001-000000000022','00000000-0000-0000-0000-000000000110','B',0,0,true,false,false,false),
  ('00000000-0000-0000-0001-000000000022','00000000-0000-0000-0000-000000000174','B',0,0,true,false,false,false),
  ('00000000-0000-0000-0001-000000000022','00000000-0000-0000-0000-000000000103','B',0,0,true,false,false,false),
  ('00000000-0000-0000-0001-000000000023','00000000-0000-0000-0000-000000000114','A',0,0,true,false,false,false),
  ('00000000-0000-0000-0001-000000000023','00000000-0000-0000-0000-000000000130','A',2,0,true,false,false,false),
  ('00000000-0000-0000-0001-000000000023','00000000-0000-0000-0000-000000000160','A',1,0,true,false,false,false),
  ('00000000-0000-0000-0001-000000000023','00000000-0000-0000-0000-000000000124','A',0,1,true,false,false,false),
  ('00000000-0000-0000-0001-000000000023','00000000-0000-0000-0000-000000000117','A',0,0,true,false,true,false),
  ('00000000-0000-0000-0001-000000000023','00000000-0000-0000-0000-000000000177','B',2,0,true,true,false,false),
  ('00000000-0000-0000-0001-000000000023','00000000-0000-0000-0000-000000000143','B',0,0,true,false,false,false),
  ('00000000-0000-0000-0001-000000000023','00000000-0000-0000-0000-000000000111','B',0,0,true,false,false,false),
  ('00000000-0000-0000-0001-000000000023','00000000-0000-0000-0000-000000000108','B',1,1,true,false,false,false),
  ('00000000-0000-0000-0001-000000000023','00000000-0000-0000-0000-000000000148','B',1,0,true,false,false,false),
  ('00000000-0000-0000-0001-000000000024','00000000-0000-0000-0000-000000000164','A',1,0,true,true,false,false),
  ('00000000-0000-0000-0001-000000000024','00000000-0000-0000-0000-000000000102','A',1,0,true,false,false,false),
  ('00000000-0000-0000-0001-000000000024','00000000-0000-0000-0000-000000000180','A',0,0,true,false,false,false),
  ('00000000-0000-0000-0001-000000000024','00000000-0000-0000-0000-000000000120','A',0,1,true,false,false,false),
  ('00000000-0000-0000-0001-000000000024','00000000-0000-0000-0000-000000000190','A',0,0,true,false,false,false),
  ('00000000-0000-0000-0001-000000000024','00000000-0000-0000-0000-000000000108','B',0,0,true,false,false,false),
  ('00000000-0000-0000-0001-000000000024','00000000-0000-0000-0000-000000000111','B',1,0,true,false,false,false),
  ('00000000-0000-0000-0001-000000000024','00000000-0000-0000-0000-000000000144','B',1,0,true,false,false,false),
  ('00000000-0000-0000-0001-000000000024','00000000-0000-0000-0000-000000000145','B',0,0,true,false,false,false),
  ('00000000-0000-0000-0001-000000000024','00000000-0000-0000-0000-000000000107','B',0,1,true,false,false,false),
  ('00000000-0000-0000-0001-000000000025','00000000-0000-0000-0000-000000000113','A',3,0,true,true,false,false),
  ('00000000-0000-0000-0001-000000000025','00000000-0000-0000-0000-000000000116','A',1,0,true,false,false,false),
  ('00000000-0000-0000-0001-000000000025','00000000-0000-0000-0000-000000000158','A',1,2,true,false,false,false),
  ('00000000-0000-0000-0001-000000000025','00000000-0000-0000-0000-000000000151','A',0,3,true,false,false,false),
  ('00000000-0000-0000-0001-000000000025','00000000-0000-0000-0000-000000000105','A',0,0,true,false,false,false),
  ('00000000-0000-0000-0001-000000000025','00000000-0000-0000-0000-000000000164','A',1,1,true,false,false,false),
  ('00000000-0000-0000-0001-000000000025','00000000-0000-0000-0000-000000000126','B',2,0,true,false,false,false),
  ('00000000-0000-0000-0001-000000000025','00000000-0000-0000-0000-000000000178','B',1,1,true,false,false,false),
  ('00000000-0000-0000-0001-000000000025','00000000-0000-0000-0000-000000000120','B',0,0,true,false,false,false),
  ('00000000-0000-0000-0001-000000000025','00000000-0000-0000-0000-000000000107','B',0,1,true,false,false,false),
  ('00000000-0000-0000-0001-000000000025','00000000-0000-0000-0000-000000000160','B',0,0,true,false,false,false),
  ('00000000-0000-0000-0001-000000000025','00000000-0000-0000-0000-000000000159','B',0,1,true,false,false,false),
  ('00000000-0000-0000-0001-000000000025','00000000-0000-0000-0000-000000000146','B',0,0,true,false,false,false),
  ('00000000-0000-0000-0001-000000000026','00000000-0000-0000-0000-000000000123','A',0,0,false,false,false,false),
  ('00000000-0000-0000-0001-000000000026','00000000-0000-0000-0000-000000000143','A',0,0,true,false,false,false)
ON CONFLICT ON CONSTRAINT unique_player_stats_per_match DO NOTHING;

INSERT INTO match_player_stats (match_id, user_id, team, goals, assists, attended, mvp, yellow_card, red_card) VALUES
  ('00000000-0000-0000-0001-000000000026','00000000-0000-0000-0000-000000000128','A',0,0,true,false,false,false),
  ('00000000-0000-0000-0001-000000000026','00000000-0000-0000-0000-000000000139','A',0,0,true,false,false,false),
  ('00000000-0000-0000-0001-000000000026','00000000-0000-0000-0000-000000000155','A',0,0,true,false,false,false),
  ('00000000-0000-0000-0001-000000000026','00000000-0000-0000-0000-000000000103','B',0,1,true,false,false,false),
  ('00000000-0000-0000-0001-000000000026','00000000-0000-0000-0000-000000000105','B',0,0,true,false,false,false),
  ('00000000-0000-0000-0001-000000000026','00000000-0000-0000-0000-000000000184','B',1,0,true,true,false,false),
  ('00000000-0000-0000-0001-000000000026','00000000-0000-0000-0000-000000000181','B',0,0,true,false,false,false),
  ('00000000-0000-0000-0001-000000000026','00000000-0000-0000-0000-000000000124','B',0,0,true,false,false,false),
  ('00000000-0000-0000-0001-000000000027','00000000-0000-0000-0000-000000000130','A',1,1,true,false,false,false),
  ('00000000-0000-0000-0001-000000000027','00000000-0000-0000-0000-000000000152','A',0,0,false,false,false,false),
  ('00000000-0000-0000-0001-000000000027','00000000-0000-0000-0000-000000000127','A',1,1,true,false,false,false),
  ('00000000-0000-0000-0001-000000000027','00000000-0000-0000-0000-000000000107','A',0,1,true,false,false,false),
  ('00000000-0000-0000-0001-000000000027','00000000-0000-0000-0000-000000000162','A',0,0,true,false,false,false),
  ('00000000-0000-0000-0001-000000000027','00000000-0000-0000-0000-000000000101','A',1,0,true,false,false,false),
  ('00000000-0000-0000-0001-000000000027','00000000-0000-0000-0000-000000000110','B',2,0,true,false,false,false),
  ('00000000-0000-0000-0001-000000000027','00000000-0000-0000-0000-000000000133','B',1,1,true,false,false,false),
  ('00000000-0000-0000-0001-000000000027','00000000-0000-0000-0000-000000000122','B',2,0,true,true,false,false),
  ('00000000-0000-0000-0001-000000000027','00000000-0000-0000-0000-000000000128','B',1,0,true,false,false,false),
  ('00000000-0000-0000-0001-000000000027','00000000-0000-0000-0000-000000000112','B',0,2,true,false,false,false),
  ('00000000-0000-0000-0001-000000000027','00000000-0000-0000-0000-000000000124','B',1,0,true,false,false,false),
  ('00000000-0000-0000-0001-000000000028','00000000-0000-0000-0000-000000000118','A',0,0,true,false,false,false),
  ('00000000-0000-0000-0001-000000000028','00000000-0000-0000-0000-000000000149','A',0,0,true,false,false,false),
  ('00000000-0000-0000-0001-000000000028','00000000-0000-0000-0000-000000000128','A',0,0,true,false,false,false),
  ('00000000-0000-0000-0001-000000000028','00000000-0000-0000-0000-000000000179','A',0,0,true,false,false,false),
  ('00000000-0000-0000-0001-000000000028','00000000-0000-0000-0000-000000000130','B',1,0,true,false,false,false),
  ('00000000-0000-0000-0001-000000000028','00000000-0000-0000-0000-000000000132','B',2,0,true,true,false,false),
  ('00000000-0000-0000-0001-000000000028','00000000-0000-0000-0000-000000000139','B',0,1,true,false,false,false),
  ('00000000-0000-0000-0001-000000000028','00000000-0000-0000-0000-000000000187','B',0,1,true,false,false,false),
  ('00000000-0000-0000-0001-000000000029','00000000-0000-0000-0000-000000000116','A',0,0,true,false,false,false),
  ('00000000-0000-0000-0001-000000000029','00000000-0000-0000-0000-000000000143','A',1,1,true,true,false,false),
  ('00000000-0000-0000-0001-000000000029','00000000-0000-0000-0000-000000000130','A',1,1,true,false,false,false),
  ('00000000-0000-0000-0001-000000000029','00000000-0000-0000-0000-000000000118','A',0,0,true,false,false,false),
  ('00000000-0000-0000-0001-000000000029','00000000-0000-0000-0000-000000000149','A',0,0,true,false,false,false),
  ('00000000-0000-0000-0001-000000000029','00000000-0000-0000-0000-000000000156','B',0,0,true,false,false,false),
  ('00000000-0000-0000-0001-000000000029','00000000-0000-0000-0000-000000000129','B',0,0,true,false,false,false),
  ('00000000-0000-0000-0001-000000000029','00000000-0000-0000-0000-000000000106','B',0,0,true,false,false,false),
  ('00000000-0000-0000-0001-000000000029','00000000-0000-0000-0000-000000000173','B',1,0,true,false,false,false),
  ('00000000-0000-0000-0001-000000000029','00000000-0000-0000-0000-000000000121','B',0,0,true,false,false,false),
  ('00000000-0000-0000-0001-000000000030','00000000-0000-0000-0000-000000000118','A',0,2,true,false,false,false),
  ('00000000-0000-0000-0001-000000000030','00000000-0000-0000-0000-000000000123','A',1,0,true,false,false,false),
  ('00000000-0000-0000-0001-000000000030','00000000-0000-0000-0000-000000000102','A',1,0,true,false,false,false),
  ('00000000-0000-0000-0001-000000000030','00000000-0000-0000-0000-000000000185','A',1,1,true,false,false,false),
  ('00000000-0000-0000-0001-000000000030','00000000-0000-0000-0000-000000000133','A',0,0,true,false,false,false),
  ('00000000-0000-0000-0001-000000000030','00000000-0000-0000-0000-000000000134','A',1,0,true,false,true,false),
  ('00000000-0000-0000-0001-000000000030','00000000-0000-0000-0000-000000000122','A',0,0,true,false,false,false),
  ('00000000-0000-0000-0001-000000000030','00000000-0000-0000-0000-000000000160','B',1,1,true,false,false,false),
  ('00000000-0000-0000-0001-000000000030','00000000-0000-0000-0000-000000000114','B',1,1,true,false,false,false),
  ('00000000-0000-0000-0001-000000000030','00000000-0000-0000-0000-000000000142','B',1,0,true,false,false,false),
  ('00000000-0000-0000-0001-000000000030','00000000-0000-0000-0000-000000000121','B',3,0,true,true,true,false),
  ('00000000-0000-0000-0001-000000000030','00000000-0000-0000-0000-000000000117','B',0,0,true,false,false,false)
ON CONFLICT ON CONSTRAINT unique_player_stats_per_match DO NOTHING;

INSERT INTO match_player_stats (match_id, user_id, team, goals, assists, attended, mvp, yellow_card, red_card) VALUES
  ('00000000-0000-0000-0001-000000000030','00000000-0000-0000-0000-000000000112','B',0,1,true,false,false,false),
  ('00000000-0000-0000-0001-000000000030','00000000-0000-0000-0000-000000000147','B',0,0,true,false,false,false),
  ('00000000-0000-0000-0001-000000000031','00000000-0000-0000-0000-000000000127','A',0,0,true,false,false,false),
  ('00000000-0000-0000-0001-000000000031','00000000-0000-0000-0000-000000000113','A',0,1,true,false,false,false),
  ('00000000-0000-0000-0001-000000000031','00000000-0000-0000-0000-000000000159','A',0,0,true,false,false,false),
  ('00000000-0000-0000-0001-000000000031','00000000-0000-0000-0000-000000000131','A',0,2,true,false,false,false),
  ('00000000-0000-0000-0001-000000000031','00000000-0000-0000-0000-000000000165','A',3,0,true,true,false,false),
  ('00000000-0000-0000-0001-000000000031','00000000-0000-0000-0000-000000000133','B',0,1,true,false,false,false),
  ('00000000-0000-0000-0001-000000000031','00000000-0000-0000-0000-000000000142','B',2,0,true,false,false,false),
  ('00000000-0000-0000-0001-000000000031','00000000-0000-0000-0000-000000000116','B',0,0,true,false,false,false),
  ('00000000-0000-0000-0001-000000000031','00000000-0000-0000-0000-000000000106','B',0,0,true,false,false,false),
  ('00000000-0000-0000-0001-000000000031','00000000-0000-0000-0000-000000000175','B',0,0,true,false,false,false),
  ('00000000-0000-0000-0001-000000000032','00000000-0000-0000-0000-000000000102','A',1,0,true,false,false,false),
  ('00000000-0000-0000-0001-000000000032','00000000-0000-0000-0000-000000000126','A',1,1,true,true,false,false),
  ('00000000-0000-0000-0001-000000000032','00000000-0000-0000-0000-000000000183','A',0,1,true,false,false,false),
  ('00000000-0000-0000-0001-000000000032','00000000-0000-0000-0000-000000000116','A',1,0,true,false,false,false),
  ('00000000-0000-0000-0001-000000000032','00000000-0000-0000-0000-000000000115','B',0,0,true,false,false,false),
  ('00000000-0000-0000-0001-000000000032','00000000-0000-0000-0000-000000000159','B',0,0,true,false,false,false),
  ('00000000-0000-0000-0001-000000000032','00000000-0000-0000-0000-000000000129','B',0,0,true,false,false,false),
  ('00000000-0000-0000-0001-000000000032','00000000-0000-0000-0000-000000000119','B',0,0,true,false,false,false),
  ('00000000-0000-0000-0001-000000000032','00000000-0000-0000-0000-000000000106','B',0,0,true,false,false,false),
  ('00000000-0000-0000-0001-000000000033','00000000-0000-0000-0000-000000000141','A',0,1,true,false,false,false),
  ('00000000-0000-0000-0001-000000000033','00000000-0000-0000-0000-000000000123','A',0,1,true,false,false,false),
  ('00000000-0000-0000-0001-000000000033','00000000-0000-0000-0000-000000000128','A',1,1,true,false,false,false),
  ('00000000-0000-0000-0001-000000000033','00000000-0000-0000-0000-000000000124','A',1,0,true,false,false,false),
  ('00000000-0000-0000-0001-000000000033','00000000-0000-0000-0000-000000000171','A',1,2,true,true,false,false),
  ('00000000-0000-0000-0001-000000000033','00000000-0000-0000-0000-000000000130','A',0,0,false,false,false,false),
  ('00000000-0000-0000-0001-000000000033','00000000-0000-0000-0000-000000000118','A',0,0,false,false,false,false),
  ('00000000-0000-0000-0001-000000000033','00000000-0000-0000-0000-000000000145','B',0,0,true,false,false,false),
  ('00000000-0000-0000-0001-000000000033','00000000-0000-0000-0000-000000000160','B',1,0,true,false,false,false),
  ('00000000-0000-0000-0001-000000000033','00000000-0000-0000-0000-000000000122','B',0,0,true,false,true,false),
  ('00000000-0000-0000-0001-000000000033','00000000-0000-0000-0000-000000000120','B',0,2,true,false,false,false),
  ('00000000-0000-0000-0001-000000000033','00000000-0000-0000-0000-000000000117','B',1,0,true,false,false,false),
  ('00000000-0000-0000-0001-000000000033','00000000-0000-0000-0000-000000000138','B',2,0,true,false,false,false),
  ('00000000-0000-0000-0001-000000000033','00000000-0000-0000-0000-000000000131','B',0,0,true,false,false,false),
  ('00000000-0000-0000-0001-000000000034','00000000-0000-0000-0000-000000000112','A',0,0,true,false,false,false),
  ('00000000-0000-0000-0001-000000000034','00000000-0000-0000-0000-000000000176','A',0,0,true,false,false,false),
  ('00000000-0000-0000-0001-000000000034','00000000-0000-0000-0000-000000000113','A',0,0,true,false,false,false),
  ('00000000-0000-0000-0001-000000000034','00000000-0000-0000-0000-000000000108','A',0,0,true,false,false,false),
  ('00000000-0000-0000-0001-000000000034','00000000-0000-0000-0000-000000000139','A',0,0,true,false,false,false),
  ('00000000-0000-0000-0001-000000000034','00000000-0000-0000-0000-000000000159','B',0,0,true,false,false,false),
  ('00000000-0000-0000-0001-000000000034','00000000-0000-0000-0000-000000000114','B',2,0,true,true,false,false),
  ('00000000-0000-0000-0001-000000000034','00000000-0000-0000-0000-000000000171','B',1,0,true,false,false,false),
  ('00000000-0000-0000-0001-000000000034','00000000-0000-0000-0000-000000000121','B',1,1,true,false,false,false),
  ('00000000-0000-0000-0001-000000000034','00000000-0000-0000-0000-000000000165','B',1,0,true,false,false,false),
  ('00000000-0000-0000-0001-000000000035','00000000-0000-0000-0000-000000000138','A',0,0,true,false,false,false),
  ('00000000-0000-0000-0001-000000000035','00000000-0000-0000-0000-000000000147','A',0,0,true,false,false,false),
  ('00000000-0000-0000-0001-000000000035','00000000-0000-0000-0000-000000000119','A',0,0,true,false,false,false),
  ('00000000-0000-0000-0001-000000000035','00000000-0000-0000-0000-000000000107','A',0,0,true,false,false,false),
  ('00000000-0000-0000-0001-000000000035','00000000-0000-0000-0000-000000000115','B',2,1,true,true,false,false)
ON CONFLICT ON CONSTRAINT unique_player_stats_per_match DO NOTHING;

INSERT INTO match_player_stats (match_id, user_id, team, goals, assists, attended, mvp, yellow_card, red_card) VALUES
  ('00000000-0000-0000-0001-000000000035','00000000-0000-0000-0000-000000000113','B',1,0,true,false,true,false),
  ('00000000-0000-0000-0001-000000000035','00000000-0000-0000-0000-000000000175','B',0,0,true,false,false,false),
  ('00000000-0000-0000-0001-000000000035','00000000-0000-0000-0000-000000000146','B',0,2,true,false,false,false),
  ('00000000-0000-0000-0001-000000000035','00000000-0000-0000-0000-000000000166','B',1,0,true,false,false,false),
  ('00000000-0000-0000-0001-000000000036','00000000-0000-0000-0000-000000000160','A',0,0,true,false,false,false),
  ('00000000-0000-0000-0001-000000000036','00000000-0000-0000-0000-000000000109','A',0,0,true,false,false,false),
  ('00000000-0000-0000-0001-000000000036','00000000-0000-0000-0000-000000000162','A',0,0,true,false,false,false),
  ('00000000-0000-0000-0001-000000000036','00000000-0000-0000-0000-000000000141','A',0,0,true,false,false,false),
  ('00000000-0000-0000-0001-000000000036','00000000-0000-0000-0000-000000000152','A',0,0,true,false,false,false),
  ('00000000-0000-0000-0001-000000000036','00000000-0000-0000-0000-000000000133','A',0,0,true,false,false,false),
  ('00000000-0000-0000-0001-000000000036','00000000-0000-0000-0000-000000000173','A',0,0,true,false,false,false),
  ('00000000-0000-0000-0001-000000000036','00000000-0000-0000-0000-000000000118','B',1,0,true,false,true,false),
  ('00000000-0000-0000-0001-000000000036','00000000-0000-0000-0000-000000000120','B',1,1,true,false,false,false),
  ('00000000-0000-0000-0001-000000000036','00000000-0000-0000-0000-000000000101','B',1,0,true,false,false,false),
  ('00000000-0000-0000-0001-000000000036','00000000-0000-0000-0000-000000000119','B',2,0,true,true,false,false),
  ('00000000-0000-0000-0001-000000000036','00000000-0000-0000-0000-000000000103','B',0,2,true,false,false,false),
  ('00000000-0000-0000-0001-000000000036','00000000-0000-0000-0000-000000000104','B',1,1,true,false,false,false),
  ('00000000-0000-0000-0001-000000000036','00000000-0000-0000-0000-000000000139','B',0,0,false,false,false,false),
  ('00000000-0000-0000-0001-000000000037','00000000-0000-0000-0000-000000000101','A',0,1,true,false,false,false),
  ('00000000-0000-0000-0001-000000000037','00000000-0000-0000-0000-000000000119','A',0,0,false,false,false,false),
  ('00000000-0000-0000-0001-000000000037','00000000-0000-0000-0000-000000000131','A',0,0,true,false,false,false),
  ('00000000-0000-0000-0001-000000000037','00000000-0000-0000-0000-000000000132','A',1,0,true,false,false,false),
  ('00000000-0000-0000-0001-000000000037','00000000-0000-0000-0000-000000000144','A',1,1,true,false,false,false),
  ('00000000-0000-0000-0001-000000000037','00000000-0000-0000-0000-000000000129','B',0,0,true,false,false,false),
  ('00000000-0000-0000-0001-000000000037','00000000-0000-0000-0000-000000000117','B',0,0,true,false,false,false),
  ('00000000-0000-0000-0001-000000000037','00000000-0000-0000-0000-000000000104','B',0,0,true,false,false,false),
  ('00000000-0000-0000-0001-000000000037','00000000-0000-0000-0000-000000000112','B',0,0,true,false,false,false),
  ('00000000-0000-0000-0001-000000000037','00000000-0000-0000-0000-000000000122','B',2,0,true,true,false,false),
  ('00000000-0000-0000-0001-000000000038','00000000-0000-0000-0000-000000000105','A',1,0,true,false,true,false),
  ('00000000-0000-0000-0001-000000000038','00000000-0000-0000-0000-000000000108','A',0,0,false,false,false,false),
  ('00000000-0000-0000-0001-000000000038','00000000-0000-0000-0000-000000000158','A',0,0,true,false,false,false),
  ('00000000-0000-0000-0001-000000000038','00000000-0000-0000-0000-000000000143','A',2,0,true,true,false,false),
  ('00000000-0000-0000-0001-000000000038','00000000-0000-0000-0000-000000000144','A',0,2,true,false,false,false),
  ('00000000-0000-0000-0001-000000000038','00000000-0000-0000-0000-000000000133','B',0,1,true,false,false,false),
  ('00000000-0000-0000-0001-000000000038','00000000-0000-0000-0000-000000000188','B',1,0,true,false,false,false),
  ('00000000-0000-0000-0001-000000000038','00000000-0000-0000-0000-000000000110','B',1,1,true,false,false,false),
  ('00000000-0000-0000-0001-000000000038','00000000-0000-0000-0000-000000000151','B',0,0,true,false,false,false),
  ('00000000-0000-0000-0001-000000000038','00000000-0000-0000-0000-000000000104','B',1,0,true,false,false,false),
  ('00000000-0000-0000-0001-000000000038','00000000-0000-0000-0000-000000000126','B',1,1,true,false,false,false),
  ('00000000-0000-0000-0001-000000000039','00000000-0000-0000-0000-000000000148','A',1,0,true,false,false,false),
  ('00000000-0000-0000-0001-000000000039','00000000-0000-0000-0000-000000000115','A',0,2,true,false,false,false),
  ('00000000-0000-0000-0001-000000000039','00000000-0000-0000-0000-000000000150','A',0,0,true,false,false,false),
  ('00000000-0000-0000-0001-000000000039','00000000-0000-0000-0000-000000000147','A',1,1,true,false,false,false),
  ('00000000-0000-0000-0001-000000000039','00000000-0000-0000-0000-000000000142','A',3,0,true,false,false,false),
  ('00000000-0000-0000-0001-000000000039','00000000-0000-0000-0000-000000000108','B',1,0,true,false,false,false),
  ('00000000-0000-0000-0001-000000000039','00000000-0000-0000-0000-000000000127','B',3,0,true,true,false,false),
  ('00000000-0000-0000-0001-000000000039','00000000-0000-0000-0000-000000000116','B',1,0,true,false,false,false),
  ('00000000-0000-0000-0001-000000000039','00000000-0000-0000-0000-000000000176','B',0,0,false,false,false,false),
  ('00000000-0000-0000-0001-000000000039','00000000-0000-0000-0000-000000000183','B',0,0,true,false,true,false),
  ('00000000-0000-0000-0001-000000000040','00000000-0000-0000-0000-000000000104','A',0,0,true,false,false,false)
ON CONFLICT ON CONSTRAINT unique_player_stats_per_match DO NOTHING;

INSERT INTO match_player_stats (match_id, user_id, team, goals, assists, attended, mvp, yellow_card, red_card) VALUES
  ('00000000-0000-0000-0001-000000000040','00000000-0000-0000-0000-000000000129','A',0,0,true,false,false,false),
  ('00000000-0000-0000-0001-000000000040','00000000-0000-0000-0000-000000000128','A',0,0,true,false,false,false),
  ('00000000-0000-0000-0001-000000000040','00000000-0000-0000-0000-000000000170','A',0,0,true,false,false,false),
  ('00000000-0000-0000-0001-000000000040','00000000-0000-0000-0000-000000000149','B',0,0,true,false,false,false),
  ('00000000-0000-0000-0001-000000000040','00000000-0000-0000-0000-000000000146','B',2,0,true,false,false,false),
  ('00000000-0000-0000-0001-000000000040','00000000-0000-0000-0000-000000000143','B',2,0,true,true,false,false),
  ('00000000-0000-0000-0001-000000000040','00000000-0000-0000-0000-000000000120','B',0,0,true,false,false,false),
  ('00000000-0000-0000-0001-000000000040','00000000-0000-0000-0000-000000000150','B',1,1,true,false,false,false),
  ('00000000-0000-0000-0001-000000000041','00000000-0000-0000-0000-000000000141','A',1,0,true,false,false,false),
  ('00000000-0000-0000-0001-000000000041','00000000-0000-0000-0000-000000000114','A',0,0,true,false,false,false),
  ('00000000-0000-0000-0001-000000000041','00000000-0000-0000-0000-000000000112','A',0,1,true,false,false,false),
  ('00000000-0000-0000-0001-000000000041','00000000-0000-0000-0000-000000000106','A',1,0,true,false,false,false),
  ('00000000-0000-0000-0001-000000000041','00000000-0000-0000-0000-000000000151','A',0,1,true,false,false,false),
  ('00000000-0000-0000-0001-000000000041','00000000-0000-0000-0000-000000000155','B',0,0,false,false,false,false),
  ('00000000-0000-0000-0001-000000000041','00000000-0000-0000-0000-000000000116','B',0,0,true,false,false,false),
  ('00000000-0000-0000-0001-000000000041','00000000-0000-0000-0000-000000000176','B',1,1,true,true,false,false),
  ('00000000-0000-0000-0001-000000000041','00000000-0000-0000-0000-000000000111','B',1,0,true,false,false,false),
  ('00000000-0000-0000-0001-000000000041','00000000-0000-0000-0000-000000000117','B',0,0,true,false,false,false),
  ('00000000-0000-0000-0001-000000000042','00000000-0000-0000-0000-000000000159','A',1,0,true,false,false,false),
  ('00000000-0000-0000-0001-000000000042','00000000-0000-0000-0000-000000000127','A',0,1,true,false,false,false),
  ('00000000-0000-0000-0001-000000000042','00000000-0000-0000-0000-000000000129','A',0,0,true,false,true,false),
  ('00000000-0000-0000-0001-000000000042','00000000-0000-0000-0000-000000000161','A',0,1,true,false,false,false),
  ('00000000-0000-0000-0001-000000000042','00000000-0000-0000-0000-000000000147','A',1,0,true,false,false,false),
  ('00000000-0000-0000-0001-000000000042','00000000-0000-0000-0000-000000000119','B',0,1,true,false,false,false),
  ('00000000-0000-0000-0001-000000000042','00000000-0000-0000-0000-000000000101','B',0,1,true,false,false,false),
  ('00000000-0000-0000-0001-000000000042','00000000-0000-0000-0000-000000000115','B',3,0,true,true,false,false),
  ('00000000-0000-0000-0001-000000000042','00000000-0000-0000-0000-000000000103','B',2,0,true,false,false,false),
  ('00000000-0000-0000-0001-000000000042','00000000-0000-0000-0000-000000000131','B',0,0,true,false,false,false),
  ('00000000-0000-0000-0001-000000000043','00000000-0000-0000-0000-000000000151','A',0,0,true,false,false,false),
  ('00000000-0000-0000-0001-000000000043','00000000-0000-0000-0000-000000000130','A',1,0,true,false,false,false),
  ('00000000-0000-0000-0001-000000000043','00000000-0000-0000-0000-000000000105','A',0,0,true,false,false,false),
  ('00000000-0000-0000-0001-000000000043','00000000-0000-0000-0000-000000000158','A',0,0,true,false,false,false),
  ('00000000-0000-0000-0001-000000000043','00000000-0000-0000-0000-000000000146','A',1,0,true,false,false,false),
  ('00000000-0000-0000-0001-000000000043','00000000-0000-0000-0000-000000000155','B',0,0,true,false,false,false),
  ('00000000-0000-0000-0001-000000000043','00000000-0000-0000-0000-000000000115','B',1,0,true,true,false,false),
  ('00000000-0000-0000-0001-000000000043','00000000-0000-0000-0000-000000000183','B',0,0,false,false,false,false),
  ('00000000-0000-0000-0001-000000000043','00000000-0000-0000-0000-000000000117','B',0,0,true,false,false,false),
  ('00000000-0000-0000-0001-000000000043','00000000-0000-0000-0000-000000000182','B',0,1,true,false,false,false),
  ('00000000-0000-0000-0001-000000000044','00000000-0000-0000-0000-000000000120','A',1,0,true,false,false,false),
  ('00000000-0000-0000-0001-000000000044','00000000-0000-0000-0000-000000000115','A',0,1,true,false,false,false),
  ('00000000-0000-0000-0001-000000000044','00000000-0000-0000-0000-000000000108','A',0,0,true,false,false,false),
  ('00000000-0000-0000-0001-000000000044','00000000-0000-0000-0000-000000000153','A',0,0,true,false,false,false),
  ('00000000-0000-0000-0001-000000000044','00000000-0000-0000-0000-000000000118','A',1,0,true,false,false,false),
  ('00000000-0000-0000-0001-000000000044','00000000-0000-0000-0000-000000000140','A',0,1,true,false,false,false),
  ('00000000-0000-0000-0001-000000000044','00000000-0000-0000-0000-000000000104','B',0,0,false,false,false,false),
  ('00000000-0000-0000-0001-000000000044','00000000-0000-0000-0000-000000000183','B',1,0,true,false,false,false),
  ('00000000-0000-0000-0001-000000000044','00000000-0000-0000-0000-000000000105','B',0,0,true,false,false,false),
  ('00000000-0000-0000-0001-000000000044','00000000-0000-0000-0000-000000000111','B',1,0,true,true,false,false),
  ('00000000-0000-0000-0001-000000000044','00000000-0000-0000-0000-000000000110','B',0,0,true,false,false,false),
  ('00000000-0000-0000-0001-000000000044','00000000-0000-0000-0000-000000000128','B',1,0,true,false,false,false)
ON CONFLICT ON CONSTRAINT unique_player_stats_per_match DO NOTHING;

INSERT INTO match_player_stats (match_id, user_id, team, goals, assists, attended, mvp, yellow_card, red_card) VALUES
  ('00000000-0000-0000-0001-000000000045','00000000-0000-0000-0000-000000000129','A',0,0,true,false,false,false),
  ('00000000-0000-0000-0001-000000000045','00000000-0000-0000-0000-000000000120','A',1,1,true,false,true,false),
  ('00000000-0000-0000-0001-000000000045','00000000-0000-0000-0000-000000000140','A',1,1,true,false,false,false),
  ('00000000-0000-0000-0001-000000000045','00000000-0000-0000-0000-000000000134','A',0,0,false,false,false,false),
  ('00000000-0000-0000-0001-000000000045','00000000-0000-0000-0000-000000000159','A',0,0,true,false,false,false),
  ('00000000-0000-0000-0001-000000000045','00000000-0000-0000-0000-000000000108','A',1,0,true,false,false,false),
  ('00000000-0000-0000-0001-000000000045','00000000-0000-0000-0000-000000000119','A',1,1,true,true,false,false),
  ('00000000-0000-0000-0001-000000000045','00000000-0000-0000-0000-000000000118','B',1,0,true,false,false,false),
  ('00000000-0000-0000-0001-000000000045','00000000-0000-0000-0000-000000000106','B',1,0,true,false,false,false),
  ('00000000-0000-0000-0001-000000000045','00000000-0000-0000-0000-000000000135','B',0,0,true,false,false,false),
  ('00000000-0000-0000-0001-000000000045','00000000-0000-0000-0000-000000000143','B',1,0,true,false,false,false),
  ('00000000-0000-0000-0001-000000000045','00000000-0000-0000-0000-000000000130','B',1,1,true,false,false,false),
  ('00000000-0000-0000-0001-000000000045','00000000-0000-0000-0000-000000000126','B',0,2,true,false,false,false),
  ('00000000-0000-0000-0001-000000000045','00000000-0000-0000-0000-000000000160','B',0,0,true,false,true,false),
  ('00000000-0000-0000-0001-000000000046','00000000-0000-0000-0000-000000000146','A',1,2,true,false,false,false),
  ('00000000-0000-0000-0001-000000000046','00000000-0000-0000-0000-000000000117','A',1,1,true,false,false,false),
  ('00000000-0000-0000-0001-000000000046','00000000-0000-0000-0000-000000000102','A',1,0,true,false,false,false),
  ('00000000-0000-0000-0001-000000000046','00000000-0000-0000-0000-000000000157','A',1,0,true,false,false,false),
  ('00000000-0000-0000-0001-000000000046','00000000-0000-0000-0000-000000000176','A',2,0,true,false,false,false),
  ('00000000-0000-0000-0001-000000000046','00000000-0000-0000-0000-000000000106','A',1,0,true,false,false,false),
  ('00000000-0000-0000-0001-000000000046','00000000-0000-0000-0000-000000000144','A',0,1,true,false,false,false),
  ('00000000-0000-0000-0001-000000000046','00000000-0000-0000-0000-000000000148','B',0,0,true,false,true,false),
  ('00000000-0000-0000-0001-000000000046','00000000-0000-0000-0000-000000000103','B',1,0,true,false,false,false),
  ('00000000-0000-0000-0001-000000000046','00000000-0000-0000-0000-000000000118','B',0,0,true,false,false,false),
  ('00000000-0000-0000-0001-000000000046','00000000-0000-0000-0000-000000000121','B',1,0,true,false,false,false),
  ('00000000-0000-0000-0001-000000000046','00000000-0000-0000-0000-000000000128','B',0,0,true,false,false,false),
  ('00000000-0000-0000-0001-000000000046','00000000-0000-0000-0000-000000000169','B',1,2,true,true,false,false),
  ('00000000-0000-0000-0001-000000000046','00000000-0000-0000-0000-000000000115','B',1,1,true,false,false,false),
  ('00000000-0000-0000-0001-000000000047','00000000-0000-0000-0000-000000000189','A',0,0,true,false,false,false),
  ('00000000-0000-0000-0001-000000000047','00000000-0000-0000-0000-000000000112','A',0,0,true,false,false,false),
  ('00000000-0000-0000-0001-000000000047','00000000-0000-0000-0000-000000000152','A',0,0,true,false,false,false),
  ('00000000-0000-0000-0001-000000000047','00000000-0000-0000-0000-000000000154','A',0,0,true,false,false,false),
  ('00000000-0000-0000-0001-000000000047','00000000-0000-0000-0000-000000000129','A',0,0,true,false,false,false),
  ('00000000-0000-0000-0001-000000000047','00000000-0000-0000-0000-000000000137','B',0,2,true,true,false,false),
  ('00000000-0000-0000-0001-000000000047','00000000-0000-0000-0000-000000000128','B',0,0,true,false,false,false),
  ('00000000-0000-0000-0001-000000000047','00000000-0000-0000-0000-000000000145','B',0,0,true,false,false,false),
  ('00000000-0000-0000-0001-000000000047','00000000-0000-0000-0000-000000000131','B',1,0,true,false,false,false),
  ('00000000-0000-0000-0001-000000000047','00000000-0000-0000-0000-000000000118','B',0,0,false,false,false,false),
  ('00000000-0000-0000-0001-000000000048','00000000-0000-0000-0000-000000000106','A',0,0,true,false,false,false),
  ('00000000-0000-0000-0001-000000000048','00000000-0000-0000-0000-000000000134','A',2,0,true,false,false,false),
  ('00000000-0000-0000-0001-000000000048','00000000-0000-0000-0000-000000000156','A',0,1,true,false,false,false),
  ('00000000-0000-0000-0001-000000000048','00000000-0000-0000-0000-000000000127','A',0,0,true,false,false,false),
  ('00000000-0000-0000-0001-000000000048','00000000-0000-0000-0000-000000000131','A',0,0,false,false,false,false),
  ('00000000-0000-0000-0001-000000000048','00000000-0000-0000-0000-000000000126','A',1,0,true,false,false,false),
  ('00000000-0000-0000-0001-000000000048','00000000-0000-0000-0000-000000000159','A',0,0,true,false,false,false),
  ('00000000-0000-0000-0001-000000000048','00000000-0000-0000-0000-000000000111','B',1,0,true,false,false,false),
  ('00000000-0000-0000-0001-000000000048','00000000-0000-0000-0000-000000000155','B',1,0,true,false,false,false),
  ('00000000-0000-0000-0001-000000000048','00000000-0000-0000-0000-000000000122','B',2,0,true,true,false,false),
  ('00000000-0000-0000-0001-000000000048','00000000-0000-0000-0000-000000000123','B',1,0,true,false,false,false),
  ('00000000-0000-0000-0001-000000000048','00000000-0000-0000-0000-000000000107','B',0,2,true,false,false,false)
ON CONFLICT ON CONSTRAINT unique_player_stats_per_match DO NOTHING;

INSERT INTO match_player_stats (match_id, user_id, team, goals, assists, attended, mvp, yellow_card, red_card) VALUES
  ('00000000-0000-0000-0001-000000000048','00000000-0000-0000-0000-000000000121','B',0,2,true,false,false,false),
  ('00000000-0000-0000-0001-000000000048','00000000-0000-0000-0000-000000000119','B',1,0,true,false,false,false),
  ('00000000-0000-0000-0001-000000000049','00000000-0000-0000-0000-000000000178','A',0,0,false,false,false,false),
  ('00000000-0000-0000-0001-000000000049','00000000-0000-0000-0000-000000000108','A',0,0,true,false,false,false),
  ('00000000-0000-0000-0001-000000000049','00000000-0000-0000-0000-000000000103','A',1,0,true,false,false,false),
  ('00000000-0000-0000-0001-000000000049','00000000-0000-0000-0000-000000000136','A',0,0,true,false,false,false),
  ('00000000-0000-0000-0001-000000000049','00000000-0000-0000-0000-000000000117','A',0,0,true,false,false,false),
  ('00000000-0000-0000-0001-000000000049','00000000-0000-0000-0000-000000000121','A',0,1,true,false,false,false),
  ('00000000-0000-0000-0001-000000000049','00000000-0000-0000-0000-000000000140','B',0,0,true,false,false,false),
  ('00000000-0000-0000-0001-000000000049','00000000-0000-0000-0000-000000000155','B',1,0,true,false,false,false),
  ('00000000-0000-0000-0001-000000000049','00000000-0000-0000-0000-000000000130','B',1,0,true,false,false,false),
  ('00000000-0000-0000-0001-000000000049','00000000-0000-0000-0000-000000000126','B',3,0,true,true,false,false),
  ('00000000-0000-0000-0001-000000000049','00000000-0000-0000-0000-000000000106','B',0,0,true,false,false,false),
  ('00000000-0000-0000-0001-000000000049','00000000-0000-0000-0000-000000000101','B',1,1,true,false,false,false)
ON CONFLICT ON CONSTRAINT unique_player_stats_per_match DO NOTHING;

-- =====================================================
-- PLAYER RATINGS (set random 3-5 star ratings for attended players)
-- =====================================================

UPDATE match_player_stats
SET rating = 3 + (floor(random() * 3))::int
WHERE attended = true;

-- =====================================================
-- CHAT MESSAGES
-- =====================================================

-- Match 30: Carouge (12d ago)
INSERT INTO match_messages (match_id, sender_id, type, content, created_at) VALUES
  ('00000000-0000-0000-0001-000000000030','00000000-0000-0000-0000-000000000102','text','Moi aussi, c''est quoi comme surface ?',(CURRENT_DATE-interval '13 days'+time '14:00')::timestamptz),
  ('00000000-0000-0000-0001-000000000030','00000000-0000-0000-0000-000000000122','text','Je ramène de l''eau pour tout le monde.',(CURRENT_DATE-interval '13 days'+time '15:00')::timestamptz),
  ('00000000-0000-0000-0001-000000000030','00000000-0000-0000-0000-000000000123','text','Crampons moulés ou lisses pour le synthétique ?',(CURRENT_DATE-interval '13 days'+time '16:00')::timestamptz),
  ('00000000-0000-0000-0001-000000000030','00000000-0000-0000-0000-000000000117','text','Présent ! Je sors du boulot à 18h, j''arrive direct.',(CURRENT_DATE-interval '13 days'+time '17:00')::timestamptz),
  ('00000000-0000-0000-0001-000000000030','00000000-0000-0000-0000-000000000112','text','Merci à l''orga, terrain au top.',(CURRENT_DATE-interval '12 days'+time '21:15')::timestamptz),
  ('00000000-0000-0000-0001-000000000030','00000000-0000-0000-0000-000000000122','text','Trop bien, on remet ça vite !',(CURRENT_DATE-interval '12 days'+time '22:20')::timestamptz)
;

-- Match 31: Genève (11d ago)
INSERT INTO match_messages (match_id, sender_id, type, content, created_at) VALUES
  ('00000000-0000-0000-0001-000000000031','00000000-0000-0000-0000-000000000165','text','Pas grave un peu de pluie ça glisse bien !',(CURRENT_DATE-interval '12 days'+time '14:00')::timestamptz),
  ('00000000-0000-0000-0001-000000000031','00000000-0000-0000-0000-000000000159','text','C''est mon premier match sur l''app, j''ai hâte !',(CURRENT_DATE-interval '12 days'+time '15:00')::timestamptz),
  ('00000000-0000-0000-0001-000000000031','00000000-0000-0000-0000-000000000113','text','Top ! On fait les équipes sur place ?',(CURRENT_DATE-interval '12 days'+time '16:00')::timestamptz),
  ('00000000-0000-0000-0001-000000000031','00000000-0000-0000-0000-000000000165','text','Belle ambiance ce soir, merci à tous.',(CURRENT_DATE-interval '11 days'+time '21:15')::timestamptz),
  ('00000000-0000-0000-0001-000000000031','00000000-0000-0000-0000-000000000116','text','Belle ambiance ce soir, merci à tous.',(CURRENT_DATE-interval '11 days'+time '22:20')::timestamptz)
;

-- Match 32: Genève (11d ago)
INSERT INTO match_messages (match_id, sender_id, type, content, created_at) VALUES
  ('00000000-0000-0000-0001-000000000032','00000000-0000-0000-0000-000000000102','text','Bienvenue ! Tu vas voir c''est super.',(CURRENT_DATE-interval '12 days'+time '14:00')::timestamptz),
  ('00000000-0000-0000-0001-000000000032','00000000-0000-0000-0000-000000000106','text','Je ramène de l''eau pour tout le monde.',(CURRENT_DATE-interval '12 days'+time '15:00')::timestamptz),
  ('00000000-0000-0000-0001-000000000032','00000000-0000-0000-0000-000000000159','text','Oui jusqu''à 22h, douches incluses.',(CURRENT_DATE-interval '12 days'+time '16:00')::timestamptz),
  ('00000000-0000-0000-0001-000000000032','00000000-0000-0000-0000-000000000183','text','Crampons moulés ou lisses pour le synthétique ?',(CURRENT_DATE-interval '12 days'+time '17:00')::timestamptz),
  ('00000000-0000-0000-0001-000000000032','00000000-0000-0000-0000-000000000106','text','Merci à l''orga, terrain au top.',(CURRENT_DATE-interval '11 days'+time '21:15')::timestamptz),
  ('00000000-0000-0000-0001-000000000032','00000000-0000-0000-0000-000000000119','text','Belle ambiance ce soir, merci à tous.',(CURRENT_DATE-interval '11 days'+time '22:20')::timestamptz),
  ('00000000-0000-0000-0001-000000000032','00000000-0000-0000-0000-000000000126','text','Qui est dispo pour le prochain ?',(CURRENT_DATE-interval '11 days'+time '21:25')::timestamptz)
;

-- Match 33: Vernier (10d ago)
INSERT INTO match_messages (match_id, sender_id, type, content, created_at) VALUES
  ('00000000-0000-0000-0001-000000000033','00000000-0000-0000-0000-000000000120','text','Crampons moulés ou lisses pour le synthétique ?',(CURRENT_DATE-interval '11 days'+time '14:00')::timestamptz),
  ('00000000-0000-0000-0001-000000000033','00000000-0000-0000-0000-000000000117','text','C''est mon premier match sur l''app, j''ai hâte !',(CURRENT_DATE-interval '11 days'+time '15:00')::timestamptz),
  ('00000000-0000-0000-0001-000000000033','00000000-0000-0000-0000-000000000131','text','Attention il risque de pleuvoir ce soir.',(CURRENT_DATE-interval '11 days'+time '16:00')::timestamptz),
  ('00000000-0000-0000-0001-000000000033','00000000-0000-0000-0000-000000000122','text','Je ramène de l''eau pour tout le monde.',(CURRENT_DATE-interval '11 days'+time '17:00')::timestamptz),
  ('00000000-0000-0000-0001-000000000033','00000000-0000-0000-0000-000000000118','text','Crampons moulés ou lisses pour le synthétique ?',(CURRENT_DATE-interval '11 days'+time '18:00')::timestamptz),
  ('00000000-0000-0000-0001-000000000033','00000000-0000-0000-0000-000000000160','text','Top ! On fait les équipes sur place ?',(CURRENT_DATE-interval '11 days'+time '19:00')::timestamptz),
  ('00000000-0000-0000-0001-000000000033','00000000-0000-0000-0000-000000000145','text','Super soirée foot, à la prochaine !',(CURRENT_DATE-interval '10 days'+time '21:15')::timestamptz),
  ('00000000-0000-0000-0001-000000000033','00000000-0000-0000-0000-000000000171','text','Trop content de mon premier match, je reviendrai !',(CURRENT_DATE-interval '10 days'+time '22:20')::timestamptz)
;

-- Match 34: Cologny (10d ago)
INSERT INTO match_messages (match_id, sender_id, type, content, created_at) VALUES
  ('00000000-0000-0000-0001-000000000034','00000000-0000-0000-0000-000000000113','text','Je prends les chasubles, j''en ai des deux couleurs.',(CURRENT_DATE-interval '11 days'+time '14:00')::timestamptz),
  ('00000000-0000-0000-0001-000000000034','00000000-0000-0000-0000-000000000139','text','Attention il risque de pleuvoir ce soir.',(CURRENT_DATE-interval '11 days'+time '15:00')::timestamptz),
  ('00000000-0000-0000-0001-000000000034','00000000-0000-0000-0000-000000000112','text','C''est mon premier match sur l''app, j''ai hâte !',(CURRENT_DATE-interval '11 days'+time '16:00')::timestamptz),
  ('00000000-0000-0000-0001-000000000034','00000000-0000-0000-0000-000000000171','text','Je ramène de l''eau pour tout le monde.',(CURRENT_DATE-interval '11 days'+time '17:00')::timestamptz),
  ('00000000-0000-0000-0001-000000000034','00000000-0000-0000-0000-000000000121','text','Crampons moulés ou lisses pour le synthétique ?',(CURRENT_DATE-interval '11 days'+time '18:00')::timestamptz),
  ('00000000-0000-0000-0001-000000000034','00000000-0000-0000-0000-000000000171','text','Bien joué tout le monde, match serré.',(CURRENT_DATE-interval '10 days'+time '21:15')::timestamptz),
  ('00000000-0000-0000-0001-000000000034','00000000-0000-0000-0000-000000000165','text','GG ! Bon match tout le monde !',(CURRENT_DATE-interval '10 days'+time '22:20')::timestamptz)
;

-- Match 35: Petit-Lancy (9d ago)
INSERT INTO match_messages (match_id, sender_id, type, content, created_at) VALUES
  ('00000000-0000-0000-0001-000000000035','00000000-0000-0000-0000-000000000115','text','J''en amène deux, pas de souci.',(CURRENT_DATE-interval '10 days'+time '14:00')::timestamptz),
  ('00000000-0000-0000-0001-000000000035','00000000-0000-0000-0000-000000000107','text','Les vestiaires sont ouverts ?',(CURRENT_DATE-interval '10 days'+time '15:00')::timestamptz),
  ('00000000-0000-0000-0001-000000000035','00000000-0000-0000-0000-000000000175','text','Crampons moulés ou lisses pour le synthétique ?',(CURRENT_DATE-interval '10 days'+time '16:00')::timestamptz),
  ('00000000-0000-0000-0001-000000000035','00000000-0000-0000-0000-000000000138','text','Les vestiaires sont ouverts ?',(CURRENT_DATE-interval '10 days'+time '17:00')::timestamptz),
  ('00000000-0000-0000-0001-000000000035','00000000-0000-0000-0000-000000000166','text','Pas grave un peu de pluie ça glisse bien !',(CURRENT_DATE-interval '10 days'+time '18:00')::timestamptz),
  ('00000000-0000-0000-0001-000000000035','00000000-0000-0000-0000-000000000119','text','Top ! On fait les équipes sur place ?',(CURRENT_DATE-interval '10 days'+time '19:00')::timestamptz),
  ('00000000-0000-0000-0001-000000000035','00000000-0000-0000-0000-000000000175','text','Le niveau monte à chaque match !',(CURRENT_DATE-interval '9 days'+time '21:15')::timestamptz),
  ('00000000-0000-0000-0001-000000000035','00000000-0000-0000-0000-000000000166','text','Bien joué tout le monde, match serré.',(CURRENT_DATE-interval '9 days'+time '22:20')::timestamptz)
;

-- Match 36: Veyrier (9d ago)
INSERT INTO match_messages (match_id, sender_id, type, content, created_at) VALUES
  ('00000000-0000-0000-0001-000000000036','00000000-0000-0000-0000-000000000173','text','On est combien d''inscrits pour l''instant ?',(CURRENT_DATE-interval '10 days'+time '14:00')::timestamptz),
  ('00000000-0000-0000-0001-000000000036','00000000-0000-0000-0000-000000000119','text','A ce soir les gars !',(CURRENT_DATE-interval '10 days'+time '15:00')::timestamptz),
  ('00000000-0000-0000-0001-000000000036','00000000-0000-0000-0000-000000000141','text','Rdv 15 min avant pour l''échauffement.',(CURRENT_DATE-interval '10 days'+time '16:00')::timestamptz),
  ('00000000-0000-0000-0001-000000000036','00000000-0000-0000-0000-000000000119','text','Bien joué tout le monde, match serré.',(CURRENT_DATE-interval '9 days'+time '21:15')::timestamptz),
  ('00000000-0000-0000-0001-000000000036','00000000-0000-0000-0000-000000000103','text','Trop content de mon premier match, je reviendrai !',(CURRENT_DATE-interval '9 days'+time '22:20')::timestamptz),
  ('00000000-0000-0000-0001-000000000036','00000000-0000-0000-0000-000000000120','text','Le niveau monte à chaque match !',(CURRENT_DATE-interval '9 days'+time '21:25')::timestamptz)
;

-- Match 37: Petit-Lancy (8d ago)
INSERT INTO match_messages (match_id, sender_id, type, content, created_at) VALUES
  ('00000000-0000-0000-0001-000000000037','00000000-0000-0000-0000-000000000131','text','Comment on y va en transports ?',(CURRENT_DATE-interval '9 days'+time '14:00')::timestamptz),
  ('00000000-0000-0000-0001-000000000037','00000000-0000-0000-0000-000000000122','text','Oui jusqu''à 22h, douches incluses.',(CURRENT_DATE-interval '9 days'+time '15:00')::timestamptz),
  ('00000000-0000-0000-0001-000000000037','00000000-0000-0000-0000-000000000144','text','A ce soir les gars !',(CURRENT_DATE-interval '9 days'+time '16:00')::timestamptz),
  ('00000000-0000-0000-0001-000000000037','00000000-0000-0000-0000-000000000144','text','Super soirée foot, à la prochaine !',(CURRENT_DATE-interval '8 days'+time '21:15')::timestamptz),
  ('00000000-0000-0000-0001-000000000037','00000000-0000-0000-0000-000000000104','text','GG ! Bon match tout le monde !',(CURRENT_DATE-interval '8 days'+time '22:20')::timestamptz),
  ('00000000-0000-0000-0001-000000000037','00000000-0000-0000-0000-000000000132','text','Belle ambiance ce soir, merci à tous.',(CURRENT_DATE-interval '8 days'+time '21:25')::timestamptz)
;

-- Match 38: Genève (7d ago)
INSERT INTO match_messages (match_id, sender_id, type, content, created_at) VALUES
  ('00000000-0000-0000-0001-000000000038','00000000-0000-0000-0000-000000000151','text','Comment on y va en transports ?',(CURRENT_DATE-interval '8 days'+time '14:00')::timestamptz),
  ('00000000-0000-0000-0001-000000000038','00000000-0000-0000-0000-000000000105','text','C''est mon premier match sur l''app, j''ai hâte !',(CURRENT_DATE-interval '8 days'+time '15:00')::timestamptz),
  ('00000000-0000-0000-0001-000000000038','00000000-0000-0000-0000-000000000158','text','Rdv 15 min avant pour l''échauffement.',(CURRENT_DATE-interval '8 days'+time '16:00')::timestamptz),
  ('00000000-0000-0000-0001-000000000038','00000000-0000-0000-0000-000000000110','text','Le niveau monte à chaque match !',(CURRENT_DATE-interval '7 days'+time '21:15')::timestamptz),
  ('00000000-0000-0000-0001-000000000038','00000000-0000-0000-0000-000000000105','text','Trop bien, on remet ça vite !',(CURRENT_DATE-interval '7 days'+time '22:20')::timestamptz)
;

-- Match 39: Carouge (6d ago)
INSERT INTO match_messages (match_id, sender_id, type, content, created_at) VALUES
  ('00000000-0000-0000-0001-000000000039','00000000-0000-0000-0000-000000000148','text','Les vestiaires sont ouverts ?',(CURRENT_DATE-interval '7 days'+time '14:00')::timestamptz),
  ('00000000-0000-0000-0001-000000000039','00000000-0000-0000-0000-000000000116','text','C''est mon premier match sur l''app, j''ai hâte !',(CURRENT_DATE-interval '7 days'+time '15:00')::timestamptz),
  ('00000000-0000-0000-0001-000000000039','00000000-0000-0000-0000-000000000147','text','Je ramène de l''eau pour tout le monde.',(CURRENT_DATE-interval '7 days'+time '16:00')::timestamptz),
  ('00000000-0000-0000-0001-000000000039','00000000-0000-0000-0000-000000000150','text','Attention il risque de pleuvoir ce soir.',(CURRENT_DATE-interval '7 days'+time '17:00')::timestamptz),
  ('00000000-0000-0000-0001-000000000039','00000000-0000-0000-0000-000000000148','text','Belle ambiance ce soir, merci à tous.',(CURRENT_DATE-interval '6 days'+time '21:15')::timestamptz),
  ('00000000-0000-0000-0001-000000000039','00000000-0000-0000-0000-000000000108','text','GG ! Bon match tout le monde !',(CURRENT_DATE-interval '6 days'+time '22:20')::timestamptz),
  ('00000000-0000-0000-0001-000000000039','00000000-0000-0000-0000-000000000115','text','Bien joué tout le monde, match serré.',(CURRENT_DATE-interval '6 days'+time '21:25')::timestamptz)
;

-- Match 40: Genève (6d ago)
INSERT INTO match_messages (match_id, sender_id, type, content, created_at) VALUES
  ('00000000-0000-0000-0001-000000000040','00000000-0000-0000-0000-000000000129','text','Salut ! Qui est chaud pour le match Genève ?',(CURRENT_DATE-interval '7 days'+time '14:00')::timestamptz),
  ('00000000-0000-0000-0001-000000000040','00000000-0000-0000-0000-000000000120','text','Comment on y va en transports ?',(CURRENT_DATE-interval '7 days'+time '15:00')::timestamptz),
  ('00000000-0000-0000-0001-000000000040','00000000-0000-0000-0000-000000000150','text','Top ! On fait les équipes sur place ?',(CURRENT_DATE-interval '7 days'+time '16:00')::timestamptz),
  ('00000000-0000-0000-0001-000000000040','00000000-0000-0000-0000-000000000143','text','Pas grave un peu de pluie ça glisse bien !',(CURRENT_DATE-interval '7 days'+time '17:00')::timestamptz),
  ('00000000-0000-0000-0001-000000000040','00000000-0000-0000-0000-000000000128','text','Oui jusqu''à 22h, douches incluses.',(CURRENT_DATE-interval '7 days'+time '18:00')::timestamptz),
  ('00000000-0000-0000-0001-000000000040','00000000-0000-0000-0000-000000000170','text','Top ! On fait les équipes sur place ?',(CURRENT_DATE-interval '7 days'+time '19:00')::timestamptz),
  ('00000000-0000-0000-0001-000000000040','00000000-0000-0000-0000-000000000104','text','Trop bien, on remet ça vite !',(CURRENT_DATE-interval '6 days'+time '21:15')::timestamptz),
  ('00000000-0000-0000-0001-000000000040','00000000-0000-0000-0000-000000000170','text','Merci à l''orga, terrain au top.',(CURRENT_DATE-interval '6 days'+time '22:20')::timestamptz),
  ('00000000-0000-0000-0001-000000000040','00000000-0000-0000-0000-000000000120','text','Le niveau monte à chaque match !',(CURRENT_DATE-interval '6 days'+time '21:25')::timestamptz),
  ('00000000-0000-0000-0001-000000000040','00000000-0000-0000-0000-000000000146','text','Beau match, les combinaisons c''étaient du régal.',(CURRENT_DATE-interval '6 days'+time '22:30')::timestamptz)
;

-- Match 41: Petit-Lancy (5d ago)
INSERT INTO match_messages (match_id, sender_id, type, content, created_at) VALUES
  ('00000000-0000-0000-0001-000000000041','00000000-0000-0000-0000-000000000151','text','Crampons moulés ou lisses pour le synthétique ?',(CURRENT_DATE-interval '6 days'+time '14:00')::timestamptz),
  ('00000000-0000-0000-0001-000000000041','00000000-0000-0000-0000-000000000155','text','On est combien d''inscrits pour l''instant ?',(CURRENT_DATE-interval '6 days'+time '15:00')::timestamptz),
  ('00000000-0000-0000-0001-000000000041','00000000-0000-0000-0000-000000000112','text','Comment on y va en transports ?',(CURRENT_DATE-interval '6 days'+time '16:00')::timestamptz),
  ('00000000-0000-0000-0001-000000000041','00000000-0000-0000-0000-000000000111','text','Rdv 15 min avant pour l''échauffement.',(CURRENT_DATE-interval '6 days'+time '17:00')::timestamptz),
  ('00000000-0000-0000-0001-000000000041','00000000-0000-0000-0000-000000000116','text','Je ramène de l''eau pour tout le monde.',(CURRENT_DATE-interval '6 days'+time '18:00')::timestamptz),
  ('00000000-0000-0000-0001-000000000041','00000000-0000-0000-0000-000000000141','text','C''est mon premier match sur l''app, j''ai hâte !',(CURRENT_DATE-interval '6 days'+time '19:00')::timestamptz),
  ('00000000-0000-0000-0001-000000000041','00000000-0000-0000-0000-000000000155','text','Le niveau monte à chaque match !',(CURRENT_DATE-interval '5 days'+time '21:15')::timestamptz),
  ('00000000-0000-0000-0001-000000000041','00000000-0000-0000-0000-000000000141','text','Trop bien, on remet ça vite !',(CURRENT_DATE-interval '5 days'+time '22:20')::timestamptz)
;

-- Match 42: Grand-Saconnex (4d ago)
INSERT INTO match_messages (match_id, sender_id, type, content, created_at) VALUES
  ('00000000-0000-0000-0001-000000000042','00000000-0000-0000-0000-000000000101','text','Rdv 15 min avant pour l''échauffement.',(CURRENT_DATE-interval '5 days'+time '14:00')::timestamptz),
  ('00000000-0000-0000-0001-000000000042','00000000-0000-0000-0000-000000000119','text','Moulés ça passe bien sur ce terrain.',(CURRENT_DATE-interval '5 days'+time '15:00')::timestamptz),
  ('00000000-0000-0000-0001-000000000042','00000000-0000-0000-0000-000000000159','text','Comment on y va en transports ?',(CURRENT_DATE-interval '5 days'+time '16:00')::timestamptz),
  ('00000000-0000-0000-0001-000000000042','00000000-0000-0000-0000-000000000127','text','Pas grave un peu de pluie ça glisse bien !',(CURRENT_DATE-interval '5 days'+time '17:00')::timestamptz),
  ('00000000-0000-0000-0001-000000000042','00000000-0000-0000-0000-000000000159','text','Qui est dispo pour le prochain ?',(CURRENT_DATE-interval '4 days'+time '21:15')::timestamptz),
  ('00000000-0000-0000-0001-000000000042','00000000-0000-0000-0000-000000000131','text','Beau match, les combinaisons c''étaient du régal.',(CURRENT_DATE-interval '4 days'+time '22:20')::timestamptz)
;

-- Match 43: Vernier (4d ago)
INSERT INTO match_messages (match_id, sender_id, type, content, created_at) VALUES
  ('00000000-0000-0000-0001-000000000043','00000000-0000-0000-0000-000000000155','text','Je ramène de l''eau pour tout le monde.',(CURRENT_DATE-interval '5 days'+time '14:00')::timestamptz),
  ('00000000-0000-0000-0001-000000000043','00000000-0000-0000-0000-000000000130','text','Moi aussi, c''est quoi comme surface ?',(CURRENT_DATE-interval '5 days'+time '15:00')::timestamptz),
  ('00000000-0000-0000-0001-000000000043','00000000-0000-0000-0000-000000000158','text','A ce soir les gars !',(CURRENT_DATE-interval '5 days'+time '16:00')::timestamptz),
  ('00000000-0000-0000-0001-000000000043','00000000-0000-0000-0000-000000000117','text','Bienvenue ! Tu vas voir c''est super.',(CURRENT_DATE-interval '5 days'+time '17:00')::timestamptz),
  ('00000000-0000-0000-0001-000000000043','00000000-0000-0000-0000-000000000151','text','Belle ambiance ce soir, merci à tous.',(CURRENT_DATE-interval '4 days'+time '21:15')::timestamptz),
  ('00000000-0000-0000-0001-000000000043','00000000-0000-0000-0000-000000000182','text','Merci à l''orga, terrain au top.',(CURRENT_DATE-interval '4 days'+time '22:20')::timestamptz),
  ('00000000-0000-0000-0001-000000000043','00000000-0000-0000-0000-000000000155','text','Trop bien, on remet ça vite !',(CURRENT_DATE-interval '4 days'+time '21:25')::timestamptz),
  ('00000000-0000-0000-0001-000000000043','00000000-0000-0000-0000-000000000183','text','Belle ambiance ce soir, merci à tous.',(CURRENT_DATE-interval '4 days'+time '22:30')::timestamptz)
;

-- Match 44: Genève (3d ago)
INSERT INTO match_messages (match_id, sender_id, type, content, created_at) VALUES
  ('00000000-0000-0000-0001-000000000044','00000000-0000-0000-0000-000000000153','text','J''en amène deux, pas de souci.',(CURRENT_DATE-interval '4 days'+time '14:00')::timestamptz),
  ('00000000-0000-0000-0001-000000000044','00000000-0000-0000-0000-000000000140','text','Salut ! Qui est chaud pour le match Genève ?',(CURRENT_DATE-interval '4 days'+time '15:00')::timestamptz),
  ('00000000-0000-0000-0001-000000000044','00000000-0000-0000-0000-000000000105','text','Pas grave un peu de pluie ça glisse bien !',(CURRENT_DATE-interval '4 days'+time '16:00')::timestamptz),
  ('00000000-0000-0000-0001-000000000044','00000000-0000-0000-0000-000000000110','text','Attention il risque de pleuvoir ce soir.',(CURRENT_DATE-interval '4 days'+time '17:00')::timestamptz),
  ('00000000-0000-0000-0001-000000000044','00000000-0000-0000-0000-000000000183','text','Je prends les chasubles, j''en ai des deux couleurs.',(CURRENT_DATE-interval '4 days'+time '18:00')::timestamptz),
  ('00000000-0000-0000-0001-000000000044','00000000-0000-0000-0000-000000000111','text','Rdv 15 min avant pour l''échauffement.',(CURRENT_DATE-interval '4 days'+time '19:00')::timestamptz),
  ('00000000-0000-0000-0001-000000000044','00000000-0000-0000-0000-000000000183','text','Merci à l''orga, terrain au top.',(CURRENT_DATE-interval '3 days'+time '21:15')::timestamptz),
  ('00000000-0000-0000-0001-000000000044','00000000-0000-0000-0000-000000000128','text','Bien joué tout le monde, match serré.',(CURRENT_DATE-interval '3 days'+time '22:20')::timestamptz)
;

-- Match 45: Meyrin (3d ago)
INSERT INTO match_messages (match_id, sender_id, type, content, created_at) VALUES
  ('00000000-0000-0000-0001-000000000045','00000000-0000-0000-0000-000000000134','text','Oui jusqu''à 22h, douches incluses.',(CURRENT_DATE-interval '4 days'+time '14:00')::timestamptz),
  ('00000000-0000-0000-0001-000000000045','00000000-0000-0000-0000-000000000135','text','Rdv 15 min avant pour l''échauffement.',(CURRENT_DATE-interval '4 days'+time '15:00')::timestamptz),
  ('00000000-0000-0000-0001-000000000045','00000000-0000-0000-0000-000000000140','text','A ce soir les gars !',(CURRENT_DATE-interval '4 days'+time '16:00')::timestamptz),
  ('00000000-0000-0000-0001-000000000045','00000000-0000-0000-0000-000000000106','text','Crampons moulés ou lisses pour le synthétique ?',(CURRENT_DATE-interval '4 days'+time '17:00')::timestamptz),
  ('00000000-0000-0000-0001-000000000045','00000000-0000-0000-0000-000000000108','text','Quelqu''un a un ballon ?',(CURRENT_DATE-interval '4 days'+time '18:00')::timestamptz),
  ('00000000-0000-0000-0001-000000000045','00000000-0000-0000-0000-000000000126','text','Moi aussi, c''est quoi comme surface ?',(CURRENT_DATE-interval '4 days'+time '19:00')::timestamptz),
  ('00000000-0000-0000-0001-000000000045','00000000-0000-0000-0000-000000000140','text','Merci à l''orga, terrain au top.',(CURRENT_DATE-interval '3 days'+time '21:15')::timestamptz),
  ('00000000-0000-0000-0001-000000000045','00000000-0000-0000-0000-000000000118','text','Super soirée foot, à la prochaine !',(CURRENT_DATE-interval '3 days'+time '22:20')::timestamptz),
  ('00000000-0000-0000-0001-000000000045','00000000-0000-0000-0000-000000000159','text','Beau match, les combinaisons c''étaient du régal.',(CURRENT_DATE-interval '3 days'+time '21:25')::timestamptz),
  ('00000000-0000-0000-0001-000000000045','00000000-0000-0000-0000-000000000130','text','GG ! Bon match tout le monde !',(CURRENT_DATE-interval '3 days'+time '22:30')::timestamptz)
;

-- Match 46: Grand-Saconnex (2d ago)
INSERT INTO match_messages (match_id, sender_id, type, content, created_at) VALUES
  ('00000000-0000-0000-0001-000000000046','00000000-0000-0000-0000-000000000128','text','Bienvenue ! Tu vas voir c''est super.',(CURRENT_DATE-interval '3 days'+time '14:00')::timestamptz),
  ('00000000-0000-0000-0001-000000000046','00000000-0000-0000-0000-000000000102','text','Moi aussi, c''est quoi comme surface ?',(CURRENT_DATE-interval '3 days'+time '15:00')::timestamptz),
  ('00000000-0000-0000-0001-000000000046','00000000-0000-0000-0000-000000000146','text','Crampons moulés ou lisses pour le synthétique ?',(CURRENT_DATE-interval '3 days'+time '16:00')::timestamptz),
  ('00000000-0000-0000-0001-000000000046','00000000-0000-0000-0000-000000000118','text','Pas grave un peu de pluie ça glisse bien !',(CURRENT_DATE-interval '3 days'+time '17:00')::timestamptz),
  ('00000000-0000-0000-0001-000000000046','00000000-0000-0000-0000-000000000106','text','J''en amène deux, pas de souci.',(CURRENT_DATE-interval '3 days'+time '18:00')::timestamptz),
  ('00000000-0000-0000-0001-000000000046','00000000-0000-0000-0000-000000000157','text','On est combien d''inscrits pour l''instant ?',(CURRENT_DATE-interval '3 days'+time '19:00')::timestamptz),
  ('00000000-0000-0000-0001-000000000046','00000000-0000-0000-0000-000000000148','text','Qui est dispo pour le prochain ?',(CURRENT_DATE-interval '2 days'+time '21:15')::timestamptz),
  ('00000000-0000-0000-0001-000000000046','00000000-0000-0000-0000-000000000169','text','Bien joué tout le monde, match serré.',(CURRENT_DATE-interval '2 days'+time '22:20')::timestamptz),
  ('00000000-0000-0000-0001-000000000046','00000000-0000-0000-0000-000000000103','text','Super soirée foot, à la prochaine !',(CURRENT_DATE-interval '2 days'+time '21:25')::timestamptz),
  ('00000000-0000-0000-0001-000000000046','00000000-0000-0000-0000-000000000102','text','Trop content de mon premier match, je reviendrai !',(CURRENT_DATE-interval '2 days'+time '22:30')::timestamptz)
;

-- Match 47: Grand-Saconnex (2d ago)
INSERT INTO match_messages (match_id, sender_id, type, content, created_at) VALUES
  ('00000000-0000-0000-0001-000000000047','00000000-0000-0000-0000-000000000112','text','Quelqu''un a un ballon ?',(CURRENT_DATE-interval '3 days'+time '14:00')::timestamptz),
  ('00000000-0000-0000-0001-000000000047','00000000-0000-0000-0000-000000000118','text','Présent ! Je sors du boulot à 18h, j''arrive direct.',(CURRENT_DATE-interval '3 days'+time '15:00')::timestamptz),
  ('00000000-0000-0000-0001-000000000047','00000000-0000-0000-0000-000000000131','text','J''en amène deux, pas de souci.',(CURRENT_DATE-interval '3 days'+time '16:00')::timestamptz),
  ('00000000-0000-0000-0001-000000000047','00000000-0000-0000-0000-000000000189','text','Comment on y va en transports ?',(CURRENT_DATE-interval '3 days'+time '17:00')::timestamptz),
  ('00000000-0000-0000-0001-000000000047','00000000-0000-0000-0000-000000000145','text','Je ramène de l''eau pour tout le monde.',(CURRENT_DATE-interval '3 days'+time '18:00')::timestamptz),
  ('00000000-0000-0000-0001-000000000047','00000000-0000-0000-0000-000000000112','text','Qui est dispo pour le prochain ?',(CURRENT_DATE-interval '2 days'+time '21:15')::timestamptz),
  ('00000000-0000-0000-0001-000000000047','00000000-0000-0000-0000-000000000189','text','Trop content de mon premier match, je reviendrai !',(CURRENT_DATE-interval '2 days'+time '22:20')::timestamptz)
;

-- Match 48: Grand-Saconnex (1d ago)
INSERT INTO match_messages (match_id, sender_id, type, content, created_at) VALUES
  ('00000000-0000-0000-0001-000000000048','00000000-0000-0000-0000-000000000155','text','Attention il risque de pleuvoir ce soir.',(CURRENT_DATE-interval '2 days'+time '14:00')::timestamptz),
  ('00000000-0000-0000-0001-000000000048','00000000-0000-0000-0000-000000000122','text','Top ! On fait les équipes sur place ?',(CURRENT_DATE-interval '2 days'+time '15:00')::timestamptz),
  ('00000000-0000-0000-0001-000000000048','00000000-0000-0000-0000-000000000107','text','A ce soir les gars !',(CURRENT_DATE-interval '2 days'+time '16:00')::timestamptz),
  ('00000000-0000-0000-0001-000000000048','00000000-0000-0000-0000-000000000121','text','Moi aussi, c''est quoi comme surface ?',(CURRENT_DATE-interval '2 days'+time '17:00')::timestamptz),
  ('00000000-0000-0000-0001-000000000048','00000000-0000-0000-0000-000000000131','text','Salut ! Qui est chaud pour le match Grand-Saconnex ?',(CURRENT_DATE-interval '2 days'+time '18:00')::timestamptz),
  ('00000000-0000-0000-0001-000000000048','00000000-0000-0000-0000-000000000106','text','J''en amène deux, pas de souci.',(CURRENT_DATE-interval '2 days'+time '19:00')::timestamptz),
  ('00000000-0000-0000-0001-000000000048','00000000-0000-0000-0000-000000000111','text','GG ! Bon match tout le monde !',(CURRENT_DATE-interval '1 days'+time '21:15')::timestamptz),
  ('00000000-0000-0000-0001-000000000048','00000000-0000-0000-0000-000000000134','text','Super soirée foot, à la prochaine !',(CURRENT_DATE-interval '1 days'+time '22:20')::timestamptz),
  ('00000000-0000-0000-0001-000000000048','00000000-0000-0000-0000-000000000119','text','Merci à l''orga, terrain au top.',(CURRENT_DATE-interval '1 days'+time '21:25')::timestamptz),
  ('00000000-0000-0000-0001-000000000048','00000000-0000-0000-0000-000000000123','text','Trop content de mon premier match, je reviendrai !',(CURRENT_DATE-interval '1 days'+time '22:30')::timestamptz)
;

-- Match 49: Genève (1d ago)
INSERT INTO match_messages (match_id, sender_id, type, content, created_at) VALUES
  ('00000000-0000-0000-0001-000000000049','00000000-0000-0000-0000-000000000101','text','Moi aussi, c''est quoi comme surface ?',(CURRENT_DATE-interval '2 days'+time '14:00')::timestamptz),
  ('00000000-0000-0000-0001-000000000049','00000000-0000-0000-0000-000000000178','text','C''est mon premier match sur l''app, j''ai hâte !',(CURRENT_DATE-interval '2 days'+time '15:00')::timestamptz),
  ('00000000-0000-0000-0001-000000000049','00000000-0000-0000-0000-000000000126','text','Moi aussi, c''est quoi comme surface ?',(CURRENT_DATE-interval '2 days'+time '16:00')::timestamptz),
  ('00000000-0000-0000-0001-000000000049','00000000-0000-0000-0000-000000000117','text','J''en amène deux, pas de souci.',(CURRENT_DATE-interval '2 days'+time '17:00')::timestamptz),
  ('00000000-0000-0000-0001-000000000049','00000000-0000-0000-0000-000000000106','text','On est combien d''inscrits pour l''instant ?',(CURRENT_DATE-interval '2 days'+time '18:00')::timestamptz),
  ('00000000-0000-0000-0001-000000000049','00000000-0000-0000-0000-000000000108','text','Merci à l''orga, terrain au top.',(CURRENT_DATE-interval '1 days'+time '21:15')::timestamptz),
  ('00000000-0000-0000-0001-000000000049','00000000-0000-0000-0000-000000000136','text','Trop content de mon premier match, je reviendrai !',(CURRENT_DATE-interval '1 days'+time '22:20')::timestamptz)
;

-- Match 50: Cologny (0d ago)
INSERT INTO match_messages (match_id, sender_id, type, content, created_at) VALUES
  ('00000000-0000-0000-0001-000000000050','00000000-0000-0000-0000-000000000118','text','Moulés ça passe bien sur ce terrain.',(CURRENT_DATE-interval '1 day'+time '14:00')::timestamptz),
  ('00000000-0000-0000-0001-000000000050','00000000-0000-0000-0000-000000000137','text','Quelqu''un a un ballon ?',(CURRENT_DATE-interval '1 day'+time '15:00')::timestamptz),
  ('00000000-0000-0000-0001-000000000050','00000000-0000-0000-0000-000000000151','text','Crampons moulés ou lisses pour le synthétique ?',(CURRENT_DATE-interval '1 day'+time '16:00')::timestamptz),
  ('00000000-0000-0000-0001-000000000050','00000000-0000-0000-0000-000000000175','text','Crampons moulés ou lisses pour le synthétique ?',(CURRENT_DATE-interval '1 day'+time '17:00')::timestamptz)
;

-- Match 51: Onex (-2d ago)
INSERT INTO match_messages (match_id, sender_id, type, content, created_at) VALUES
  ('00000000-0000-0000-0001-000000000051','00000000-0000-0000-0000-000000000160','text','Comment on y va en transports ?',(CURRENT_DATE+time '10:00')::timestamptz),
  ('00000000-0000-0000-0001-000000000051','00000000-0000-0000-0000-000000000102','text','Quelqu''un a un ballon ?',(CURRENT_DATE+time '11:00')::timestamptz),
  ('00000000-0000-0000-0001-000000000051','00000000-0000-0000-0000-000000000119','text','Quelqu''un a un ballon ?',(CURRENT_DATE+time '12:00')::timestamptz),
  ('00000000-0000-0000-0001-000000000051','00000000-0000-0000-0000-000000000129','text','Crampons moulés ou lisses pour le synthétique ?',(CURRENT_DATE+time '13:00')::timestamptz),
  ('00000000-0000-0000-0001-000000000051','00000000-0000-0000-0000-000000000108','text','Pas grave un peu de pluie ça glisse bien !',(CURRENT_DATE+time '14:00')::timestamptz),
  ('00000000-0000-0000-0001-000000000051','00000000-0000-0000-0000-000000000133','text','On est combien d''inscrits pour l''instant ?',(CURRENT_DATE+time '15:00')::timestamptz)
;

-- Match 52: Châtelaine (-4d ago)
INSERT INTO match_messages (match_id, sender_id, type, content, created_at) VALUES
  ('00000000-0000-0000-0001-000000000052','00000000-0000-0000-0000-000000000141','text','Bienvenue ! Tu vas voir c''est super.',(CURRENT_DATE+time '10:00')::timestamptz),
  ('00000000-0000-0000-0001-000000000052','00000000-0000-0000-0000-000000000106','text','Crampons moulés ou lisses pour le synthétique ?',(CURRENT_DATE+time '11:00')::timestamptz),
  ('00000000-0000-0000-0001-000000000052','00000000-0000-0000-0000-000000000127','text','Bienvenue ! Tu vas voir c''est super.',(CURRENT_DATE+time '12:00')::timestamptz),
  ('00000000-0000-0000-0001-000000000052','00000000-0000-0000-0000-000000000120','text','Attention il risque de pleuvoir ce soir.',(CURRENT_DATE+time '13:00')::timestamptz),
  ('00000000-0000-0000-0001-000000000052','00000000-0000-0000-0000-000000000162','text','Les vestiaires sont ouverts ?',(CURRENT_DATE+time '14:00')::timestamptz)
;

-- Match 53: Genève (-6d ago)
INSERT INTO match_messages (match_id, sender_id, type, content, created_at) VALUES
  ('00000000-0000-0000-0001-000000000053','00000000-0000-0000-0000-000000000164','text','Pas grave un peu de pluie ça glisse bien !',(CURRENT_DATE+time '10:00')::timestamptz),
  ('00000000-0000-0000-0001-000000000053','00000000-0000-0000-0000-000000000153','text','Crampons moulés ou lisses pour le synthétique ?',(CURRENT_DATE+time '11:00')::timestamptz),
  ('00000000-0000-0000-0001-000000000053','00000000-0000-0000-0000-000000000119','text','Rdv 15 min avant pour l''échauffement.',(CURRENT_DATE+time '12:00')::timestamptz),
  ('00000000-0000-0000-0001-000000000053','00000000-0000-0000-0000-000000000110','text','Attention il risque de pleuvoir ce soir.',(CURRENT_DATE+time '13:00')::timestamptz),
  ('00000000-0000-0000-0001-000000000053','00000000-0000-0000-0000-000000000134','text','Oui jusqu''à 22h, douches incluses.',(CURRENT_DATE+time '14:00')::timestamptz),
  ('00000000-0000-0000-0001-000000000053','00000000-0000-0000-0000-000000000108','text','Oui jusqu''à 22h, douches incluses.',(CURRENT_DATE+time '15:00')::timestamptz)
;

-- Match 54: Genève (-9d ago)
INSERT INTO match_messages (match_id, sender_id, type, content, created_at) VALUES
  ('00000000-0000-0000-0001-000000000054','00000000-0000-0000-0000-000000000110','text','Salut ! Qui est chaud pour le match Genève ?',(CURRENT_DATE+time '10:00')::timestamptz),
  ('00000000-0000-0000-0001-000000000054','00000000-0000-0000-0000-000000000161','text','C''est mon premier match sur l''app, j''ai hâte !',(CURRENT_DATE+time '11:00')::timestamptz),
  ('00000000-0000-0000-0001-000000000054','00000000-0000-0000-0000-000000000125','text','Top ! On fait les équipes sur place ?',(CURRENT_DATE+time '12:00')::timestamptz),
  ('00000000-0000-0000-0001-000000000054','00000000-0000-0000-0000-000000000147','text','J''en amène deux, pas de souci.',(CURRENT_DATE+time '13:00')::timestamptz),
  ('00000000-0000-0000-0001-000000000054','00000000-0000-0000-0000-000000000116','text','Bienvenue ! Tu vas voir c''est super.',(CURRENT_DATE+time '14:00')::timestamptz),
  ('00000000-0000-0000-0001-000000000054','00000000-0000-0000-0000-000000000131','text','Salut ! Qui est chaud pour le match Genève ?',(CURRENT_DATE+time '15:00')::timestamptz)
;

-- Match 55: Les Acacias (-12d ago)
INSERT INTO match_messages (match_id, sender_id, type, content, created_at) VALUES
  ('00000000-0000-0000-0001-000000000055','00000000-0000-0000-0000-000000000178','text','Oui jusqu''à 22h, douches incluses.',(CURRENT_DATE+time '10:00')::timestamptz),
  ('00000000-0000-0000-0001-000000000055','00000000-0000-0000-0000-000000000183','text','Attention il risque de pleuvoir ce soir.',(CURRENT_DATE+time '11:00')::timestamptz),
  ('00000000-0000-0000-0001-000000000055','00000000-0000-0000-0000-000000000118','text','Je prends les chasubles, j''en ai des deux couleurs.',(CURRENT_DATE+time '12:00')::timestamptz),
  ('00000000-0000-0000-0001-000000000055','00000000-0000-0000-0000-000000000105','text','Je prends les chasubles, j''en ai des deux couleurs.',(CURRENT_DATE+time '13:00')::timestamptz),
  ('00000000-0000-0000-0001-000000000055','00000000-0000-0000-0000-000000000122','text','Rdv 15 min avant pour l''échauffement.',(CURRENT_DATE+time '14:00')::timestamptz)
;

-- =====================================================
-- NOTIFICATIONS
-- =====================================================

INSERT INTO notifications (user_id, type, title, body, data) VALUES
  ('00000000-0000-0000-0000-000000000101','subscription_activated','Abonnement activé !','Bienvenue sur FootMatch Premium. Rejoins des matchs illimités.','{}'),
  ('00000000-0000-0000-0000-000000000102','subscription_activated','Abonnement activé !','Bienvenue sur FootMatch Premium. Rejoins des matchs illimités.','{}'),
  ('00000000-0000-0000-0000-000000000103','subscription_activated','Abonnement activé !','Bienvenue sur FootMatch Premium. Rejoins des matchs illimités.','{}'),
  ('00000000-0000-0000-0000-000000000104','subscription_activated','Abonnement activé !','Bienvenue sur FootMatch Premium. Rejoins des matchs illimités.','{}'),
  ('00000000-0000-0000-0000-000000000105','subscription_activated','Abonnement activé !','Bienvenue sur FootMatch Premium. Rejoins des matchs illimités.','{}'),
  ('00000000-0000-0000-0000-000000000106','subscription_activated','Abonnement activé !','Bienvenue sur FootMatch Premium. Rejoins des matchs illimités.','{}'),
  ('00000000-0000-0000-0000-000000000107','subscription_activated','Abonnement activé !','Bienvenue sur FootMatch Premium. Rejoins des matchs illimités.','{}'),
  ('00000000-0000-0000-0000-000000000108','subscription_activated','Abonnement activé !','Bienvenue sur FootMatch Premium. Rejoins des matchs illimités.','{}'),
  ('00000000-0000-0000-0000-000000000109','subscription_activated','Abonnement activé !','Bienvenue sur FootMatch Premium. Rejoins des matchs illimités.','{}'),
  ('00000000-0000-0000-0000-000000000110','subscription_activated','Abonnement activé !','Bienvenue sur FootMatch Premium. Rejoins des matchs illimités.','{}'),
  ('00000000-0000-0000-0000-000000000111','subscription_activated','Abonnement activé !','Bienvenue sur FootMatch Premium. Rejoins des matchs illimités.','{}'),
  ('00000000-0000-0000-0000-000000000112','subscription_activated','Abonnement activé !','Bienvenue sur FootMatch Premium. Rejoins des matchs illimités.','{}'),
  ('00000000-0000-0000-0000-000000000113','subscription_activated','Abonnement activé !','Bienvenue sur FootMatch Premium. Rejoins des matchs illimités.','{}'),
  ('00000000-0000-0000-0000-000000000114','subscription_activated','Abonnement activé !','Bienvenue sur FootMatch Premium. Rejoins des matchs illimités.','{}'),
  ('00000000-0000-0000-0000-000000000115','subscription_activated','Abonnement activé !','Bienvenue sur FootMatch Premium. Rejoins des matchs illimités.','{}'),
  ('00000000-0000-0000-0000-000000000116','subscription_activated','Abonnement activé !','Bienvenue sur FootMatch Premium. Rejoins des matchs illimités.','{}'),
  ('00000000-0000-0000-0000-000000000117','subscription_activated','Abonnement activé !','Bienvenue sur FootMatch Premium. Rejoins des matchs illimités.','{}'),
  ('00000000-0000-0000-0000-000000000118','subscription_activated','Abonnement activé !','Bienvenue sur FootMatch Premium. Rejoins des matchs illimités.','{}'),
  ('00000000-0000-0000-0000-000000000119','subscription_activated','Abonnement activé !','Bienvenue sur FootMatch Premium. Rejoins des matchs illimités.','{}'),
  ('00000000-0000-0000-0000-000000000120','subscription_activated','Abonnement activé !','Bienvenue sur FootMatch Premium. Rejoins des matchs illimités.','{}'),
  ('00000000-0000-0000-0000-000000000143','match_mvp','MVP du match !','Tu as été élu MVP du match. Bravo !','{"matchId":"00000000-0000-0000-0001-000000000040"}'),
  ('00000000-0000-0000-0000-000000000176','match_mvp','MVP du match !','Tu as été élu MVP du match. Bravo !','{"matchId":"00000000-0000-0000-0001-000000000041"}'),
  ('00000000-0000-0000-0000-000000000115','match_mvp','MVP du match !','Tu as été élu MVP du match. Bravo !','{"matchId":"00000000-0000-0000-0001-000000000042"}'),
  ('00000000-0000-0000-0000-000000000115','match_mvp','MVP du match !','Tu as été élu MVP du match. Bravo !','{"matchId":"00000000-0000-0000-0001-000000000043"}'),
  ('00000000-0000-0000-0000-000000000111','match_mvp','MVP du match !','Tu as été élu MVP du match. Bravo !','{"matchId":"00000000-0000-0000-0001-000000000044"}'),
  ('00000000-0000-0000-0000-000000000119','match_mvp','MVP du match !','Tu as été élu MVP du match. Bravo !','{"matchId":"00000000-0000-0000-0001-000000000045"}'),
  ('00000000-0000-0000-0000-000000000169','match_mvp','MVP du match !','Tu as été élu MVP du match. Bravo !','{"matchId":"00000000-0000-0000-0001-000000000046"}'),
  ('00000000-0000-0000-0000-000000000137','match_mvp','MVP du match !','Tu as été élu MVP du match. Bravo !','{"matchId":"00000000-0000-0000-0001-000000000047"}'),
  ('00000000-0000-0000-0000-000000000122','match_mvp','MVP du match !','Tu as été élu MVP du match. Bravo !','{"matchId":"00000000-0000-0000-0001-000000000048"}'),
  ('00000000-0000-0000-0000-000000000126','match_mvp','MVP du match !','Tu as été élu MVP du match. Bravo !','{"matchId":"00000000-0000-0000-0001-000000000049"}'),
  ('00000000-0000-0000-0000-000000000102','registration_confirmed','Inscription confirmée','Tu es inscrit pour un match à venir.','{"matchId":"00000000-0000-0000-0001-000000000051"}'),
  ('00000000-0000-0000-0000-000000000108','registration_confirmed','Inscription confirmée','Tu es inscrit pour un match à venir.','{"matchId":"00000000-0000-0000-0001-000000000051"}'),
  ('00000000-0000-0000-0000-000000000119','registration_confirmed','Inscription confirmée','Tu es inscrit pour un match à venir.','{"matchId":"00000000-0000-0000-0001-000000000051"}'),
  ('00000000-0000-0000-0000-000000000101','registration_confirmed','Inscription confirmée','Tu es inscrit pour un match à venir.','{"matchId":"00000000-0000-0000-0001-000000000052"}'),
  ('00000000-0000-0000-0000-000000000106','registration_confirmed','Inscription confirmée','Tu es inscrit pour un match à venir.','{"matchId":"00000000-0000-0000-0001-000000000052"}'),
  ('00000000-0000-0000-0000-000000000111','registration_confirmed','Inscription confirmée','Tu es inscrit pour un match à venir.','{"matchId":"00000000-0000-0000-0001-000000000052"}'),
  ('00000000-0000-0000-0000-000000000108','registration_confirmed','Inscription confirmée','Tu es inscrit pour un match à venir.','{"matchId":"00000000-0000-0000-0001-000000000053"}'),
  ('00000000-0000-0000-0000-000000000110','registration_confirmed','Inscription confirmée','Tu es inscrit pour un match à venir.','{"matchId":"00000000-0000-0000-0001-000000000053"}'),
  ('00000000-0000-0000-0000-000000000119','registration_confirmed','Inscription confirmée','Tu es inscrit pour un match à venir.','{"matchId":"00000000-0000-0000-0001-000000000053"}'),
  ('00000000-0000-0000-0000-000000000129','match_results_available','Résultats disponibles','Les résultats de ton dernier match sont disponibles.','{"matchId":"00000000-0000-0000-0001-000000000045"}'),
  ('00000000-0000-0000-0000-000000000120','match_results_available','Résultats disponibles','Les résultats de ton dernier match sont disponibles.','{"matchId":"00000000-0000-0000-0001-000000000045"}'),
  ('00000000-0000-0000-0000-000000000146','match_results_available','Résultats disponibles','Les résultats de ton dernier match sont disponibles.','{"matchId":"00000000-0000-0000-0001-000000000046"}'),
  ('00000000-0000-0000-0000-000000000117','match_results_available','Résultats disponibles','Les résultats de ton dernier match sont disponibles.','{"matchId":"00000000-0000-0000-0001-000000000046"}'),
  ('00000000-0000-0000-0000-000000000189','match_results_available','Résultats disponibles','Les résultats de ton dernier match sont disponibles.','{"matchId":"00000000-0000-0000-0001-000000000047"}'),
  ('00000000-0000-0000-0000-000000000112','match_results_available','Résultats disponibles','Les résultats de ton dernier match sont disponibles.','{"matchId":"00000000-0000-0000-0001-000000000047"}'),
  ('00000000-0000-0000-0000-000000000106','match_results_available','Résultats disponibles','Les résultats de ton dernier match sont disponibles.','{"matchId":"00000000-0000-0000-0001-000000000048"}'),
  ('00000000-0000-0000-0000-000000000134','match_results_available','Résultats disponibles','Les résultats de ton dernier match sont disponibles.','{"matchId":"00000000-0000-0000-0001-000000000048"}'),
  ('00000000-0000-0000-0000-000000000178','match_results_available','Résultats disponibles','Les résultats de ton dernier match sont disponibles.','{"matchId":"00000000-0000-0000-0001-000000000049"}'),
  ('00000000-0000-0000-0000-000000000108','match_results_available','Résultats disponibles','Les résultats de ton dernier match sont disponibles.','{"matchId":"00000000-0000-0000-0001-000000000049"}'),
  ('00000000-0000-0000-0000-000000000002','application_approved','Candidature approuvée','Votre candidature opérateur a été approuvée. Bienvenue !','{}'),
  ('00000000-0000-0000-0000-000000000003','application_approved','Candidature approuvée','Votre candidature opérateur a été approuvée. Bienvenue !','{}');

-- =====================================================
-- UPDATE OPERATOR TOTAL MATCHES
-- =====================================================

UPDATE operators SET total_matches = 28 WHERE id = '00000000-0000-0000-0002-000000000001';
UPDATE operators SET total_matches = 21 WHERE id = '00000000-0000-0000-0002-000000000002';

-- =====================================================
-- SEED SUMMARY
-- Total users: 103 (1 admin + 2 operators + 100 players)
-- Active subscriptions: 90 | Canceled: 10
-- Total matches: 55 (49 completed, 1 in_progress, 5 upcoming)
-- Total registrations: 615
-- Total player stats: 564
-- Career stats auto-calculated by triggers
-- =====================================================
